rsID,Chr,Position
chr10_350693,10,350693
chr10_796468,10,796468
chr10_1224581,10,1224581
chr10_1279272,10,1279272
chr10_1393592,10,1393592
chr10_1449377,10,1449377
chr10_2102433,10,2102433
chr10_4667529,10,4667529
chr10_4911158,10,4911158
chr10_5034016,10,5034016
chr10_5420851,10,5420851
chr10_5550768,10,5550768
chr10_5663691,10,5663691
chr10_6417724,10,6417724
chr10_6747521,10,6747521
chr10_7165106,10,7165106
chr10_7545524,10,7545524
chr10_9604930,10,9604930
chr10_10232427,10,10232427
chr10_11699441,10,11699441
chr10_13269807,10,13269807
chr10_13389006,10,13389006
chr10_14340610,10,14340610
chr10_15551279,10,15551279
chr10_15735617,10,15735617
chr10_16988787,10,16988787
chr10_18788390,10,18788390
chr10_20036177,10,20036177
chr10_20162462,10,20162462
chr10_21192389,10,21192389
chr10_21521210,10,21521210
chr10_24215163,10,24215163
chr10_25599875,10,25599875
chr10_26983024,10,26983024
chr10_27130625,10,27130625
chr10_27336671,10,27336671
chr10_27903768,10,27903768
chr10_28702072,10,28702072
chr10_28921788,10,28921788
chr10_29060698,10,29060698
chr10_29770786,10,29770786
chr10_29827355,10,29827355
chr10_30472411,10,30472411
chr10_31731063,10,31731063
chr10_32379600,10,32379600
chr10_33467539,10,33467539
chr10_33874231,10,33874231
chr10_37217312,10,37217312
chr10_38167038,10,38167038
chr10_38677789,10,38677789
chr10_42382342,10,42382342
chr10_44548259,10,44548259
chr10_48500100,10,48500100
chr10_48907434,10,48907434
chr10_52540483,10,52540483
chr10_53798924,10,53798924
chr10_54225761,10,54225761
chr10_55030395,10,55030395
chr10_55814018,10,55814018
chr10_56937275,10,56937275
chr10_58224183,10,58224183
chr10_59261217,10,59261217
chr10_59334656,10,59334656
chr10_64152808,10,64152808
chr10_64657502,10,64657502
chr10_65327084,10,65327084
chr10_66437582,10,66437582
chr10_67025536,10,67025536
chr10_67572596,10,67572596
chr10_67827726,10,67827726
chr10_67890325,10,67890325
chr10_68272893,10,68272893
chr10_68746991,10,68746991
chr10_70068577,10,70068577
chr10_71135074,10,71135074
chr10_72323275,10,72323275
chr10_72717030,10,72717030
chr10_73030775,10,73030775
chr10_73094420,10,73094420
chr10_73731768,10,73731768
chr10_74308804,10,74308804
chr10_78316240,10,78316240
chr10_78978242,10,78978242
chr10_79543819,10,79543819
chr10_80400029,10,80400029
chr10_80462933,10,80462933
chr10_80845405,10,80845405
chr10_81417283,10,81417283
chr10_82232706,10,82232706
chr10_82510574,10,82510574
chr10_84676590,10,84676590
chr10_85212217,10,85212217
chr10_85345465,10,85345465
chr10_86083579,10,86083579
chr10_86795027,10,86795027
chr10_86858515,10,86858515
chr10_87726722,10,87726722
chr10_89172143,10,89172143
chr10_89435483,10,89435483
chr10_90760606,10,90760606
chr10_90904111,10,90904111
chr10_91121907,10,91121907
chr10_93729736,10,93729736
chr10_94155846,10,94155846
chr10_95361588,10,95361588
chr10_95504610,10,95504610
chr10_95641485,10,95641485
chr10_97029366,10,97029366
chr10_97329911,10,97329911
chr10_98212575,10,98212575
chr10_98441768,10,98441768
chr10_98968967,10,98968967
chr10_100302852,10,100302852
chr10_101084483,10,101084483
chr10_101635461,10,101635461
chr10_102024311,10,102024311
chr10_102925367,10,102925367
chr10_105255614,10,105255614
chr10_106767803,10,106767803
chr10_107067938,10,107067938
chr10_109007002,10,109007002
chr10_109411682,10,109411682
chr10_109471620,10,109471620
chr10_110158050,10,110158050
chr10_110348376,10,110348376
chr10_111935290,10,111935290
chr10_113225327,10,113225327
chr10_113600635,10,113600635
chr10_115559957,10,115559957
chr10_115978451,10,115978451
chr10_117079200,10,117079200
chr10_117424380,10,117424380
chr10_118272726,10,118272726
chr10_120197496,10,120197496
chr10_121220708,10,121220708
chr10_121286692,10,121286692
chr10_122535834,10,122535834
chr10_122956484,10,122956484
chr10_123758376,10,123758376
chr10_125064283,10,125064283
chr10_126303408,10,126303408
chr10_126436717,10,126436717
chr10_126966739,10,126966739
chr10_127789214,10,127789214
chr10_128043377,10,128043377
chr10_129160313,10,129160313
chr10_129273257,10,129273257
chr10_129516607,10,129516607
chr10_130754229,10,130754229
chr10_130871039,10,130871039
chr10_131370520,10,131370520
chr10_133324790,10,133324790
chr10_134687912,10,134687912
chr10_135051653,10,135051653
chr11_512205,11,512205
chr11_1370090,11,1370090
chr11_2337693,11,2337693
chr11_3583802,11,3583802
chr11_4163558,11,4163558
chr11_4548812,11,4548812
chr11_5399218,11,5399218
chr11_5877909,11,5877909
chr11_6920970,11,6920970
chr11_7260691,11,7260691
chr11_7825508,11,7825508
chr11_8505492,11,8505492
chr11_9010737,11,9010737
chr11_9157925,11,9157925
chr11_10137703,11,10137703
chr11_11046259,11,11046259
chr11_11400282,11,11400282
chr11_12324679,11,12324679
chr11_13202953,11,13202953
chr11_13412302,11,13412302
chr11_14035961,11,14035961
chr11_14418295,11,14418295
chr11_15412448,11,15412448
chr11_16805048,11,16805048
chr11_18118146,11,18118146
chr11_18180856,11,18180856
chr11_18938732,11,18938732
chr11_19064316,11,19064316
chr11_19532199,11,19532199
chr11_20176986,11,20176986
chr11_20316949,11,20316949
chr11_22138887,11,22138887
chr11_22535284,11,22535284
chr11_22672739,11,22672739
chr11_22806648,11,22806648
chr11_23331591,11,23331591
chr11_23462469,11,23462469
chr11_23909957,11,23909957
chr11_24253072,11,24253072
chr11_24704375,11,24704375
chr11_25443005,11,25443005
chr11_25871796,11,25871796
chr11_25996594,11,25996594
chr11_26237368,11,26237368
chr11_26302294,11,26302294
chr11_26653102,11,26653102
chr11_27098784,11,27098784
chr11_27171577,11,27171577
chr11_30302923,11,30302923
chr11_30739896,11,30739896
chr11_31892201,11,31892201
chr11_32384813,11,32384813
chr11_32516917,11,32516917
chr11_33622297,11,33622297
chr11_34255541,11,34255541
chr11_35847990,11,35847990
chr11_36254509,11,36254509
chr11_38306518,11,38306518
chr11_38451400,11,38451400
chr11_38579027,11,38579027
chr11_40549546,11,40549546
chr11_42162777,11,42162777
chr11_42917230,11,42917230
chr11_43880489,11,43880489
chr11_44018804,11,44018804
chr11_46194744,11,46194744
chr11_48535224,11,48535224
chr11_49073527,11,49073527
chr11_49963338,11,49963338
chr11_54992728,11,54992728
chr11_56309093,11,56309093
chr11_57020427,11,57020427
chr11_57945418,11,57945418
chr11_61519986,11,61519986
chr11_62821139,11,62821139
chr11_63966927,11,63966927
chr11_65587651,11,65587651
chr11_66893474,11,66893474
chr11_68628743,11,68628743
chr11_68693438,11,68693438
chr11_68927048,11,68927048
chr11_71122931,11,71122931
chr11_71296482,11,71296482
chr11_71526834,11,71526834
chr11_73368875,11,73368875
chr11_76348651,11,76348651
chr11_77038903,11,77038903
chr11_77745268,11,77745268
chr11_77877416,11,77877416
chr11_79209202,11,79209202
chr11_79459484,11,79459484
chr11_80748693,11,80748693
chr11_82992895,11,82992895
chr11_83204471,11,83204471
chr11_83563436,11,83563436
chr11_83755359,11,83755359
chr11_84647430,11,84647430
chr11_85305353,11,85305353
chr11_86095816,11,86095816
chr11_86834507,11,86834507
chr11_87507771,11,87507771
chr11_87802413,11,87802413
chr11_87871776,11,87871776
chr11_88347843,11,88347843
chr11_90375731,11,90375731
chr11_90899786,11,90899786
chr11_91090006,11,91090006
chr11_91332680,11,91332680
chr11_91599345,11,91599345
chr11_92760614,11,92760614
chr11_93726072,11,93726072
chr11_95350518,11,95350518
chr11_96576270,11,96576270
chr11_96760757,11,96760757
chr11_98185572,11,98185572
chr11_98804820,11,98804820
chr11_99999990,11,99999990
chr11_100067600,11,100067600
chr11_100469602,11,100469602
chr11_101684475,11,101684475
chr11_102641172,11,102641172
chr11_102701858,11,102701858
chr11_103078496,11,103078496
chr11_103223596,11,103223596
chr11_103359977,11,103359977
chr11_103997165,11,103997165
chr11_104062886,11,104062886
chr11_104133611,11,104133611
chr11_104643968,11,104643968
chr11_105432666,11,105432666
chr11_105751330,11,105751330
chr11_105921407,11,105921407
chr11_106215204,11,106215204
chr11_106882092,11,106882092
chr11_107161550,11,107161550
chr11_108327218,11,108327218
chr11_108404835,11,108404835
chr11_108911002,11,108911002
chr11_115090866,11,115090866
chr11_115163665,11,115163665
chr11_116948442,11,116948442
chr11_118477367,11,118477367
chr11_119337241,11,119337241
chr11_119928883,11,119928883
chr11_120196433,11,120196433
chr11_121491307,11,121491307
chr11_121790358,11,121790358
chr11_123063082,11,123063082
chr11_124124775,11,124124775
chr11_124717445,11,124717445
chr11_126844664,11,126844664
chr11_127107790,11,127107790
chr11_127664003,11,127664003
chr11_130412175,11,130412175
chr11_130934769,11,130934769
chr11_134035927,11,134035927
chr12_1845237,12,1845237
chr12_2310551,12,2310551
chr12_3204209,12,3204209
chr12_3374920,12,3374920
chr12_3782894,12,3782894
chr12_4063750,12,4063750
chr12_5057389,12,5057389
chr12_6203674,12,6203674
chr12_6260583,12,6260583
chr12_6509888,12,6509888
chr12_6838903,12,6838903
chr12_6906828,12,6906828
chr12_8229296,12,8229296
chr12_9123932,12,9123932
chr12_10024791,12,10024791
chr12_10154249,12,10154249
chr12_10705835,12,10705835
chr12_11348886,12,11348886
chr12_14468638,12,14468638
chr12_15285379,12,15285379
chr12_17354283,12,17354283
chr12_17572718,12,17572718
chr12_17708675,12,17708675
chr12_18193198,12,18193198
chr12_19421678,12,19421678
chr12_20013193,12,20013193
chr12_20632922,12,20632922
chr12_21017796,12,21017796
chr12_21144501,12,21144501
chr12_21207758,12,21207758
chr12_23992411,12,23992411
chr12_24139829,12,24139829
chr12_24207780,12,24207780
chr12_25701401,12,25701401
chr12_25983265,12,25983265
chr12_26051954,12,26051954
chr12_27000195,12,27000195
chr12_27448496,12,27448496
chr12_27963546,12,27963546
chr12_28803717,12,28803717
chr12_30412447,12,30412447
chr12_30722566,12,30722566
chr12_30877035,12,30877035
chr12_32019875,12,32019875
chr12_32274186,12,32274186
chr12_32852949,12,32852949
chr12_33398254,12,33398254
chr12_34807751,12,34807751
chr12_38851616,12,38851616
chr12_39891709,12,39891709
chr12_40176306,12,40176306
chr12_41042285,12,41042285
chr12_41952824,12,41952824
chr12_42017686,12,42017686
chr12_42633736,12,42633736
chr12_43220260,12,43220260
chr12_43637442,12,43637442
chr12_43708380,12,43708380
chr12_44232358,12,44232358
chr12_44299900,12,44299900
chr12_47180934,12,47180934
chr12_47452341,12,47452341
chr12_47524884,12,47524884
chr12_47735500,12,47735500
chr12_48850910,12,48850910
chr12_49274072,12,49274072
chr12_51402039,12,51402039
chr12_52671254,12,52671254
chr12_52732289,12,52732289
chr12_53140663,12,53140663
chr12_54951612,12,54951612
chr12_55738427,12,55738427
chr12_57771153,12,57771153
chr12_58249243,12,58249243
chr12_58638082,12,58638082
chr12_59509020,12,59509020
chr12_60822764,12,60822764
chr12_60965789,12,60965789
chr12_61293469,12,61293469
chr12_62732091,12,62732091
chr12_63901810,12,63901810
chr12_64116159,12,64116159
chr12_64756199,12,64756199
chr12_65696970,12,65696970
chr12_66886984,12,66886984
chr12_70616839,12,70616839
chr12_71887872,12,71887872
chr12_72271979,12,72271979
chr12_72656061,12,72656061
chr12_73580623,12,73580623
chr12_74748775,12,74748775
chr12_75947644,12,75947644
chr12_76661543,12,76661543
chr12_78986074,12,78986074
chr12_80899399,12,80899399
chr12_81049471,12,81049471
chr12_81128242,12,81128242
chr12_83277316,12,83277316
chr12_85009391,12,85009391
chr12_85083256,12,85083256
chr12_85526857,12,85526857
chr12_87220089,12,87220089
chr12_88709906,12,88709906
chr12_89673619,12,89673619
chr12_90327378,12,90327378
chr12_90652912,12,90652912
chr12_91995524,12,91995524
chr12_92673669,12,92673669
chr12_93691888,12,93691888
chr12_94418479,12,94418479
chr12_97024189,12,97024189
chr12_98313651,12,98313651
chr12_99995011,12,99995011
chr12_100984151,12,100984151
chr12_103495151,12,103495151
chr12_103786854,12,103786854
chr12_105600935,12,105600935
chr12_105809061,12,105809061
chr12_106724838,12,106724838
chr12_110483175,12,110483175
chr12_111670682,12,111670682
chr12_112252649,12,112252649
chr12_113517571,12,113517571
chr12_114400816,12,114400816
chr12_115755506,12,115755506
chr12_116230062,12,116230062
chr12_117330844,12,117330844
chr12_117943164,12,117943164
chr12_118074271,12,118074271
chr12_118946852,12,118946852
chr12_119443891,12,119443891
chr12_119515037,12,119515037
chr12_120085962,12,120085962
chr12_121045431,12,121045431
chr12_123815654,12,123815654
chr12_124843104,12,124843104
chr12_125194596,12,125194596
chr12_125255890,12,125255890
chr12_125437160,12,125437160
chr12_126031728,12,126031728
chr12_126542537,12,126542537
chr12_127476192,12,127476192
chr12_127977825,12,127977825
chr12_129914524,12,129914524
chr12_130700107,12,130700107
chr12_131169111,12,131169111
chr12_131519976,12,131519976
chr12_132003924,12,132003924
chr12_133839693,12,133839693
chr13_20209229,13,20209229
chr13_20709820,13,20709820
chr13_21312766,13,21312766
chr13_21799149,13,21799149
chr13_22219062,13,22219062
chr13_22533434,13,22533434
chr13_22590897,13,22590897
chr13_23552967,13,23552967
chr13_25315664,13,25315664
chr13_26669990,13,26669990
chr13_26944492,13,26944492
chr13_27339783,13,27339783
chr13_27867501,13,27867501
chr13_27999457,13,27999457
chr13_29256505,13,29256505
chr13_30672179,13,30672179
chr13_31641565,13,31641565
chr13_31763174,13,31763174
chr13_32594429,13,32594429
chr13_33556000,13,33556000
chr13_33624553,13,33624553
chr13_35310522,13,35310522
chr13_36238035,13,36238035
chr13_36302201,13,36302201
chr13_36369373,13,36369373
chr13_39420075,13,39420075
chr13_39886443,13,39886443
chr13_41278121,13,41278121
chr13_42098529,13,42098529
chr13_43290922,13,43290922
chr13_44471983,13,44471983
chr13_46414329,13,46414329
chr13_48551920,13,48551920
chr13_48694730,13,48694730
chr13_49313075,13,49313075
chr13_50159165,13,50159165
chr13_53764479,13,53764479
chr13_54375907,13,54375907
chr13_55498715,13,55498715
chr13_56152565,13,56152565
chr13_58620938,13,58620938
chr13_58689340,13,58689340
chr13_60894203,13,60894203
chr13_61655731,13,61655731
chr13_62670009,13,62670009
chr13_64001706,13,64001706
chr13_64755965,13,64755965
chr13_64953501,13,64953501
chr13_67228119,13,67228119
chr13_68134671,13,68134671
chr13_68196572,13,68196572
chr13_69195335,13,69195335
chr13_70178061,13,70178061
chr13_70520688,13,70520688
chr13_70721292,13,70721292
chr13_71846268,13,71846268
chr13_73654292,13,73654292
chr13_73730549,13,73730549
chr13_73944832,13,73944832
chr13_74159570,13,74159570
chr13_74310094,13,74310094
chr13_74666946,13,74666946
chr13_75227254,13,75227254
chr13_75504546,13,75504546
chr13_78545425,13,78545425
chr13_80033764,13,80033764
chr13_81313057,13,81313057
chr13_81982181,13,81982181
chr13_82416455,13,82416455
chr13_83955005,13,83955005
chr13_84886948,13,84886948
chr13_85225571,13,85225571
chr13_85296920,13,85296920
chr13_85365099,13,85365099
chr13_87686087,13,87686087
chr13_88085955,13,88085955
chr13_88770442,13,88770442
chr13_88843221,13,88843221
chr13_89060355,13,89060355
chr13_89783381,13,89783381
chr13_90731067,13,90731067
chr13_91503379,13,91503379
chr13_91572636,13,91572636
chr13_92812514,13,92812514
chr13_93132543,13,93132543
chr13_93984669,13,93984669
chr13_95911944,13,95911944
chr13_97499189,13,97499189
chr13_98797401,13,98797401
chr13_99470990,13,99470990
chr13_99539298,13,99539298
chr13_100533880,13,100533880
chr13_100969934,13,100969934
chr13_101183282,13,101183282
chr13_101525269,13,101525269
chr13_102208542,13,102208542
chr13_103499715,13,103499715
chr13_105451250,13,105451250
chr13_106141952,13,106141952
chr13_106392687,13,106392687
chr13_108615603,13,108615603
chr13_109084338,13,109084338
chr13_109523857,13,109523857
chr13_112294615,13,112294615
chr13_112808664,13,112808664
chr13_112962633,13,112962633
chr13_113432165,13,113432165
chr13_113536467,13,113536467
chr13_113819948,13,113819948
chr14_20540257,14,20540257
chr14_22223502,14,22223502
chr14_22660734,14,22660734
chr14_22837758,14,22837758
chr14_23033488,14,23033488
chr14_24323140,14,24323140
chr14_24394908,14,24394908
chr14_24932363,14,24932363
chr14_26445434,14,26445434
chr14_28228855,14,28228855
chr14_28301623,14,28301623
chr14_28513378,14,28513378
chr14_29059048,14,29059048
chr14_31146905,14,31146905
chr14_31305197,14,31305197
chr14_31449190,14,31449190
chr14_33075243,14,33075243
chr14_33147765,14,33147765
chr14_33633155,14,33633155
chr14_35869791,14,35869791
chr14_36037687,14,36037687
chr14_37261090,14,37261090
chr14_39111935,14,39111935
chr14_39318321,14,39318321
chr14_39667038,14,39667038
chr14_40965575,14,40965575
chr14_41518144,14,41518144
chr14_45103712,14,45103712
chr14_45382277,14,45382277
chr14_46626462,14,46626462
chr14_47784609,14,47784609
chr14_47922676,14,47922676
chr14_52835834,14,52835834
chr14_53836643,14,53836643
chr14_54492146,14,54492146
chr14_55635323,14,55635323
chr14_55988436,14,55988436
chr14_56391127,14,56391127
chr14_58257515,14,58257515
chr14_58391797,14,58391797
chr14_59079206,14,59079206
chr14_59648420,14,59648420
chr14_61021891,14,61021891
chr14_62328624,14,62328624
chr14_62603546,14,62603546
chr14_63835496,14,63835496
chr14_64343666,14,64343666
chr14_65880621,14,65880621
chr14_66519137,14,66519137
chr14_68199598,14,68199598
chr14_68603731,14,68603731
chr14_68766811,14,68766811
chr14_69004042,14,69004042
chr14_70794929,14,70794929
chr14_70867934,14,70867934
chr14_72211948,14,72211948
chr14_73541651,14,73541651
chr14_73844020,14,73844020
chr14_74362935,14,74362935
chr14_76065176,14,76065176
chr14_77343692,14,77343692
chr14_77412065,14,77412065
chr14_78038642,14,78038642
chr14_78178947,14,78178947
chr14_78468576,14,78468576
chr14_78606993,14,78606993
chr14_79100775,14,79100775
chr14_79617175,14,79617175
chr14_81128903,14,81128903
chr14_86529551,14,86529551
chr14_87260189,14,87260189
chr14_87891966,14,87891966
chr14_88152814,14,88152814
chr14_88424606,14,88424606
chr14_88496081,14,88496081
chr14_88696303,14,88696303
chr14_88760692,14,88760692
chr14_89424174,14,89424174
chr14_89818914,14,89818914
chr14_90607403,14,90607403
chr14_91019216,14,91019216
chr14_91157113,14,91157113
chr14_91734164,14,91734164
chr14_92523786,14,92523786
chr14_92992485,14,92992485
chr14_93256048,14,93256048
chr14_93327438,14,93327438
chr14_94201926,14,94201926
chr14_94323978,14,94323978
chr14_94632298,14,94632298
chr14_94906822,14,94906822
chr14_95018415,14,95018415
chr14_96256471,14,96256471
chr14_96448367,14,96448367
chr14_96682783,14,96682783
chr14_96894369,14,96894369
chr14_98619868,14,98619868
chr14_98792879,14,98792879
chr14_98904960,14,98904960
chr14_99018688,14,99018688
chr14_99197967,14,99197967
chr14_99266231,14,99266231
chr14_99392241,14,99392241
chr14_99718105,14,99718105
chr14_101399787,14,101399787
chr14_101529142,14,101529142
chr14_101584142,14,101584142
chr14_103076595,14,103076595
chr14_103835128,14,103835128
chr14_104038418,14,104038418
chr14_104166783,14,104166783
chr14_104624993,14,104624993
chr14_104954376,14,104954376
chr14_107171282,14,107171282
chr15_23129027,15,23129027
chr15_24257659,15,24257659
chr15_24315868,15,24315868
chr15_24367547,15,24367547
chr15_24417499,15,24417499
chr15_24461695,15,24461695
chr15_25908369,15,25908369
chr15_26151685,15,26151685
chr15_26262096,15,26262096
chr15_26443944,15,26443944
chr15_28982127,15,28982127
chr15_31700985,15,31700985
chr15_33204419,15,33204419
chr15_34291660,15,34291660
chr15_35001752,15,35001752
chr15_35069208,15,35069208
chr15_35138500,15,35138500
chr15_35294435,15,35294435
chr15_35825595,15,35825595
chr15_37646848,15,37646848
chr15_37710619,15,37710619
chr15_39508200,15,39508200
chr15_39627146,15,39627146
chr15_42579686,15,42579686
chr15_42645892,15,42645892
chr15_43972629,15,43972629
chr15_44538660,15,44538660
chr15_45526949,15,45526949
chr15_45688603,15,45688603
chr15_47206675,15,47206675
chr15_48178096,15,48178096
chr15_49506758,15,49506758
chr15_51475652,15,51475652
chr15_52759420,15,52759420
chr15_53943440,15,53943440
chr15_55403672,15,55403672
chr15_55465381,15,55465381
chr15_57388279,15,57388279
chr15_57646861,15,57646861
chr15_60476994,15,60476994
chr15_60797128,15,60797128
chr15_61553374,15,61553374
chr15_62077220,15,62077220
chr15_62605621,15,62605621
chr15_63641427,15,63641427
chr15_63779752,15,63779752
chr15_64358722,15,64358722
chr15_66379744,15,66379744
chr15_67634862,15,67634862
chr15_68628601,15,68628601
chr15_69481071,15,69481071
chr15_69628947,15,69628947
chr15_69854306,15,69854306
chr15_70127606,15,70127606
chr15_70391638,15,70391638
chr15_70598562,15,70598562
chr15_71704609,15,71704609
chr15_71774871,15,71774871
chr15_74241749,15,74241749
chr15_74952342,15,74952342
chr15_79051721,15,79051721
chr15_79848929,15,79848929
chr15_79916695,15,79916695
chr15_80581390,15,80581390
chr15_80778586,15,80778586
chr15_83254070,15,83254070
chr15_85428604,15,85428604
chr15_86207049,15,86207049
chr15_86376655,15,86376655
chr15_86700316,15,86700316
chr15_89094866,15,89094866
chr15_89273097,15,89273097
chr15_89449627,15,89449627
chr15_89511981,15,89511981
chr15_90867363,15,90867363
chr15_91710038,15,91710038
chr15_91897748,15,91897748
chr15_92869283,15,92869283
chr15_93555717,15,93555717
chr15_93776485,15,93776485
chr15_95611011,15,95611011
chr15_96673900,15,96673900
chr15_97571833,15,97571833
chr15_98310219,15,98310219
chr15_98901916,15,98901916
chr15_99215615,15,99215615
chr15_99832891,15,99832891
chr15_100407427,15,100407427
chr15_100707770,15,100707770
chr15_100955951,15,100955951
chr15_101017490,15,101017490
chr15_101900364,15,101900364
chr16_991002,16,991002
chr16_1173368,16,1173368
chr16_1485255,16,1485255
chr16_1744736,16,1744736
chr16_3382058,16,3382058
chr16_4766831,16,4766831
chr16_5499768,16,5499768
chr16_5619469,16,5619469
chr16_6266321,16,6266321
chr16_6526273,16,6526273
chr16_6858183,16,6858183
chr16_6988871,16,6988871
chr16_7015903,16,7015903
chr16_7532478,16,7532478
chr16_10433449,16,10433449
chr16_10704535,16,10704535
chr16_10896769,16,10896769
chr16_11006543,16,11006543
chr16_11288428,16,11288428
chr16_11395915,16,11395915
chr16_11450111,16,11450111
chr16_11533043,16,11533043
chr16_12452944,16,12452944
chr16_12986597,16,12986597
chr16_13888105,16,13888105
chr16_14051776,16,14051776
chr16_15850912,16,15850912
chr16_15915724,16,15915724
chr16_16879328,16,16879328
chr16_17020134,16,17020134
chr16_17280770,16,17280770
chr16_17987625,16,17987625
chr16_18119013,16,18119013
chr16_19359642,16,19359642
chr16_20545986,16,20545986
chr16_23303517,16,23303517
chr16_24027018,16,24027018
chr16_24310100,16,24310100
chr16_24375802,16,24375802
chr16_25285100,16,25285100
chr16_25633443,16,25633443
chr16_25699761,16,25699761
chr16_26793098,16,26793098
chr16_27034474,16,27034474
chr16_29216321,16,29216321
chr16_31558110,16,31558110
chr16_31790668,16,31790668
chr16_34401335,16,34401335
chr16_46412650,16,46412650
chr16_47974543,16,47974543
chr16_48821420,16,48821420
chr16_49157100,16,49157100
chr16_49370208,16,49370208
chr16_49984049,16,49984049
chr16_50047925,16,50047925
chr16_50481811,16,50481811
chr16_52455456,16,52455456
chr16_52971779,16,52971779
chr16_53188669,16,53188669
chr16_53508507,16,53508507
chr16_53659461,16,53659461
chr16_53736998,16,53736998
chr16_54952312,16,54952312
chr16_55202592,16,55202592
chr16_56327744,16,56327744
chr16_56552173,16,56552173
chr16_56733874,16,56733874
chr16_57565469,16,57565469
chr16_58086101,16,58086101
chr16_58227983,16,58227983
chr16_58909324,16,58909324
chr16_59501684,16,59501684
chr16_59574268,16,59574268
chr16_64348270,16,64348270
chr16_65844795,16,65844795
chr16_66034795,16,66034795
chr16_66162454,16,66162454
chr16_68008679,16,68008679
chr16_69478082,16,69478082
chr16_70021457,16,70021457
chr16_70167808,16,70167808
chr16_71965230,16,71965230
chr16_72155580,16,72155580
chr16_73009698,16,73009698
chr16_74173179,16,74173179
chr16_74300016,16,74300016
chr16_74427366,16,74427366
chr16_76276174,16,76276174
chr16_77481986,16,77481986
chr16_77587083,16,77587083
chr16_78076222,16,78076222
chr16_78649717,16,78649717
chr16_79129543,16,79129543
chr16_79167548,16,79167548
chr16_79203866,16,79203866
chr16_80409383,16,80409383
chr16_80503223,16,80503223
chr16_81035637,16,81035637
chr16_81455658,16,81455658
chr16_81508633,16,81508633
chr16_81654451,16,81654451
chr16_82157889,16,82157889
chr16_82292326,16,82292326
chr16_82421716,16,82421716
chr16_82819444,16,82819444
chr16_83262240,16,83262240
chr16_83302526,16,83302526
chr16_83554505,16,83554505
chr16_85259223,16,85259223
chr16_85932351,16,85932351
chr16_86075101,16,86075101
chr16_86117695,16,86117695
chr16_87361393,16,87361393
chr16_87410826,16,87410826
chr16_87669882,16,87669882
chr16_87779664,16,87779664
chr16_87869540,16,87869540
chr16_88362812,16,88362812
chr16_88651295,16,88651295
chr16_89170679,16,89170679
chr17_970601,17,970601
chr17_2324664,17,2324664
chr17_2456469,17,2456469
chr17_3078354,17,3078354
chr17_3756724,17,3756724
chr17_4602937,17,4602937
chr17_4992114,17,4992114
chr17_5199038,17,5199038
chr17_5270712,17,5270712
chr17_5406110,17,5406110
chr17_5737066,17,5737066
chr17_6171630,17,6171630
chr17_6420022,17,6420022
chr17_6560596,17,6560596
chr17_9787936,17,9787936
chr17_10025825,17,10025825
chr17_10219774,17,10219774
chr17_10775044,17,10775044
chr17_13542902,17,13542902
chr17_15247523,17,15247523
chr17_16859829,17,16859829
chr17_16992544,17,16992544
chr17_17130237,17,17130237
chr17_17742904,17,17742904
chr17_18815547,17,18815547
chr17_20459319,17,20459319
chr17_21144074,17,21144074
chr17_25714761,17,25714761
chr17_26047381,17,26047381
chr17_27610597,17,27610597
chr17_28534469,17,28534469
chr17_28924585,17,28924585
chr17_29284214,17,29284214
chr17_30038259,17,30038259
chr17_30316385,17,30316385
chr17_31624706,17,31624706
chr17_32802236,17,32802236
chr17_32923347,17,32923347
chr17_33832308,17,33832308
chr17_33981704,17,33981704
chr17_34198593,17,34198593
chr17_35338366,17,35338366
chr17_35901374,17,35901374
chr17_36499795,17,36499795
chr17_37004449,17,37004449
chr17_38418212,17,38418212
chr17_38718890,17,38718890
chr17_39081713,17,39081713
chr17_39146734,17,39146734
chr17_40480498,17,40480498
chr17_43421720,17,43421720
chr17_44242759,17,44242759
chr17_45045894,17,45045894
chr17_46010380,17,46010380
chr17_47226651,17,47226651
chr17_47374886,17,47374886
chr17_47916797,17,47916797
chr17_49018764,17,49018764
chr17_49900684,17,49900684
chr17_50634521,17,50634521
chr17_50701041,17,50701041
chr17_51039815,17,51039815
chr17_52030913,17,52030913
chr17_52928603,17,52928603
chr17_54095803,17,54095803
chr17_55100114,17,55100114
chr17_55871251,17,55871251
chr17_57816578,17,57816578
chr17_58589355,17,58589355
chr17_58983549,17,58983549
chr17_60326449,17,60326449
chr17_60709277,17,60709277
chr17_62025238,17,62025238
chr17_63276780,17,63276780
chr17_63980599,17,63980599
chr17_64690492,17,64690492
chr17_65171122,17,65171122
chr17_68927276,17,68927276
chr17_70903286,17,70903286
chr17_71352518,17,71352518
chr17_71607027,17,71607027
chr17_72462466,17,72462466
chr17_72974577,17,72974577
chr17_74103599,17,74103599
chr17_74306274,17,74306274
chr17_74938488,17,74938488
chr17_76933645,17,76933645
chr17_77266813,17,77266813
chr17_78037029,17,78037029
chr17_78634810,17,78634810
chr17_78919131,17,78919131
chr17_79020533,17,79020533
chr17_79217478,17,79217478
chr17_80084080,17,80084080
chr18_369148,18,369148
chr18_630796,18,630796
chr18_826506,18,826506
chr18_1531453,18,1531453
chr18_2638079,18,2638079
chr18_3101520,18,3101520
chr18_4673119,18,4673119
chr18_5255457,18,5255457
chr18_6534934,18,6534934
chr18_6729022,18,6729022
chr18_7301170,18,7301170
chr18_8206173,18,8206173
chr18_8575945,18,8575945
chr18_9714212,18,9714212
chr18_9977469,18,9977469
chr18_10344914,18,10344914
chr18_10714679,18,10714679
chr18_12104380,18,12104380
chr18_12317836,18,12317836
chr18_13354105,18,13354105
chr18_13421467,18,13421467
chr18_14293150,18,14293150
chr18_20647610,18,20647610
chr18_20718897,18,20718897
chr18_23138200,18,23138200
chr18_24094016,18,24094016
chr18_24174719,18,24174719
chr18_24246324,18,24246324
chr18_24469653,18,24469653
chr18_24537524,18,24537524
chr18_25002462,18,25002462
chr18_25155168,18,25155168
chr18_26127280,18,26127280
chr18_26345969,18,26345969
chr18_27141815,18,27141815
chr18_27972066,18,27972066
chr18_29700550,18,29700550
chr18_30301116,18,30301116
chr18_30620082,18,30620082
chr18_31100421,18,31100421
chr18_32097329,18,32097329
chr18_33599720,18,33599720
chr18_34229142,18,34229142
chr18_35798082,18,35798082
chr18_37575759,18,37575759
chr18_37647852,18,37647852
chr18_38509084,18,38509084
chr18_39414215,18,39414215
chr18_39705550,18,39705550
chr18_40625780,18,40625780
chr18_45693972,18,45693972
chr18_45833032,18,45833032
chr18_46043029,18,46043029
chr18_47957890,18,47957890
chr18_48434110,18,48434110
chr18_48942264,18,48942264
chr18_49955005,18,49955005
chr18_50151945,18,50151945
chr18_50216372,18,50216372
chr18_50498354,18,50498354
chr18_50688149,18,50688149
chr18_51204980,18,51204980
chr18_53577346,18,53577346
chr18_55279262,18,55279262
chr18_57704598,18,57704598
chr18_59382077,18,59382077
chr18_60255742,18,60255742
chr18_61409858,18,61409858
chr18_62223552,18,62223552
chr18_63497191,18,63497191
chr18_66951620,18,66951620
chr18_67018798,18,67018798
chr18_68140526,18,68140526
chr18_68774209,18,68774209
chr18_69640864,18,69640864
chr18_70365058,18,70365058
chr18_70430094,18,70430094
chr18_71137317,18,71137317
chr18_74094506,18,74094506
chr18_75005559,18,75005559
chr18_75126203,18,75126203
chr18_75324205,18,75324205
chr18_76072218,18,76072218
chr18_76286878,18,76286878
chr18_77574374,18,77574374
chr19_295847,19,295847
chr19_488391,19,488391
chr19_4034206,19,4034206
chr19_4658607,19,4658607
chr19_4781380,19,4781380
chr19_5355331,19,5355331
chr19_6370208,19,6370208
chr19_6621851,19,6621851
chr19_6739710,19,6739710
chr19_7202049,19,7202049
chr19_7264927,19,7264927
chr19_7773933,19,7773933
chr19_7897593,19,7897593
chr19_8098940,19,8098940
chr19_12482705,19,12482705
chr19_12545425,19,12545425
chr19_12824015,19,12824015
chr19_13682490,19,13682490
chr19_13746693,19,13746693
chr19_14568691,19,14568691
chr19_14952238,19,14952238
chr19_15135741,19,15135741
chr19_15683159,19,15683159
chr19_16154910,19,16154910
chr19_16549890,19,16549890
chr19_16759015,19,16759015
chr19_17842205,19,17842205
chr19_18375035,19,18375035
chr19_18708414,19,18708414
chr19_18978119,19,18978119
chr19_19393714,19,19393714
chr19_19533880,19,19533880
chr19_20046102,19,20046102
chr19_20858625,19,20858625
chr19_20925144,19,20925144
chr19_21831057,19,21831057
chr19_22794881,19,22794881
chr19_23371470,19,23371470
chr19_28893873,19,28893873
chr19_29326179,19,29326179
chr19_29866045,19,29866045
chr19_29919576,19,29919576
chr19_30099457,19,30099457
chr19_30700193,19,30700193
chr19_30916121,19,30916121
chr19_32103145,19,32103145
chr19_34321992,19,34321992
chr19_35852880,19,35852880
chr19_36828217,19,36828217
chr19_37162125,19,37162125
chr19_37651470,19,37651470
chr19_37732815,19,37732815
chr19_39430501,19,39430501
chr19_40501915,19,40501915
chr19_40886187,19,40886187
chr19_43126969,19,43126969
chr19_43919808,19,43919808
chr19_44279789,19,44279789
chr19_44437979,19,44437979
chr19_45346069,19,45346069
chr19_46726745,19,46726745
chr19_51685706,19,51685706
chr19_53234323,19,53234323
chr19_53389871,19,53389871
chr19_53629844,19,53629844
chr19_53813678,19,53813678
chr19_54562177,19,54562177
chr19_54726226,19,54726226
chr19_55147816,19,55147816
chr19_55324171,19,55324171
chr19_55384356,19,55384356
chr19_55994708,19,55994708
chr19_56350716,19,56350716
chr19_57464875,19,57464875
chr19_57842974,19,57842974
chr19_58279845,19,58279845
chr1_1032388,1,1032388
chr1_1323947,1,1323947
chr1_2025441,1,2025441
chr1_2623326,1,2623326
chr1_3227170,1,3227170
chr1_3644858,1,3644858
chr1_4235768,1,4235768
chr1_4473263,1,4473263
chr1_7095222,1,7095222
chr1_8228694,1,8228694
chr1_9139627,1,9139627
chr1_10004882,1,10004882
chr1_11252716,1,11252716
chr1_11839435,1,11839435
chr1_14197525,1,14197525
chr1_15459546,1,15459546
chr1_16451413,1,16451413
chr1_16869901,1,16869901
chr1_17062016,1,17062016
chr1_19308155,1,19308155
chr1_19903728,1,19903728
chr1_20586380,1,20586380
chr1_21143733,1,21143733
chr1_21307744,1,21307744
chr1_21830340,1,21830340
chr1_24861049,1,24861049
chr1_25876340,1,25876340
chr1_28088583,1,28088583
chr1_28555426,1,28555426
chr1_29491088,1,29491088
chr1_29644184,1,29644184
chr1_30064687,1,30064687
chr1_30525681,1,30525681
chr1_30773656,1,30773656
chr1_31255905,1,31255905
chr1_32241227,1,32241227
chr1_33538614,1,33538614
chr1_34141355,1,34141355
chr1_34277722,1,34277722
chr1_34486225,1,34486225
chr1_35242436,1,35242436
chr1_36851843,1,36851843
chr1_37584326,1,37584326
chr1_40152676,1,40152676
chr1_40447053,1,40447053
chr1_40987301,1,40987301
chr1_42606766,1,42606766
chr1_42757030,1,42757030
chr1_46647972,1,46647972
chr1_47386720,1,47386720
chr1_49127598,1,49127598
chr1_52190145,1,52190145
chr1_53568099,1,53568099
chr1_53845440,1,53845440
chr1_54956262,1,54956262
chr1_56787384,1,56787384
chr1_57627874,1,57627874
chr1_57767050,1,57767050
chr1_58413084,1,58413084
chr1_58853266,1,58853266
chr1_62607616,1,62607616
chr1_63042126,1,63042126
chr1_63285033,1,63285033
chr1_64029606,1,64029606
chr1_64647608,1,64647608
chr1_64793352,1,64793352
chr1_65723174,1,65723174
chr1_66129646,1,66129646
chr1_66805270,1,66805270
chr1_67003458,1,67003458
chr1_67287174,1,67287174
chr1_67675883,1,67675883
chr1_68473073,1,68473073
chr1_69786186,1,69786186
chr1_72479322,1,72479322
chr1_73106029,1,73106029
chr1_73180606,1,73180606
chr1_73322657,1,73322657
chr1_73763426,1,73763426
chr1_73837417,1,73837417
chr1_74474583,1,74474583
chr1_74699099,1,74699099
chr1_76689130,1,76689130
chr1_77130386,1,77130386
chr1_77475915,1,77475915
chr1_78694556,1,78694556
chr1_79391605,1,79391605
chr1_79589631,1,79589631
chr1_80054305,1,80054305
chr1_80270404,1,80270404
chr1_80477722,1,80477722
chr1_80613801,1,80613801
chr1_80946753,1,80946753
chr1_81150907,1,81150907
chr1_81341758,1,81341758
chr1_81745893,1,81745893
chr1_82136226,1,82136226
chr1_83114950,1,83114950
chr1_83550156,1,83550156
chr1_84112765,1,84112765
chr1_84324834,1,84324834
chr1_84574282,1,84574282
chr1_85203196,1,85203196
chr1_85346224,1,85346224
chr1_85488757,1,85488757
chr1_86407018,1,86407018
chr1_86478662,1,86478662
chr1_86992947,1,86992947
chr1_91093014,1,91093014
chr1_91699151,1,91699151
chr1_91929916,1,91929916
chr1_93179175,1,93179175
chr1_94319732,1,94319732
chr1_94595597,1,94595597
chr1_95048936,1,95048936
chr1_95713758,1,95713758
chr1_96395343,1,96395343
chr1_96470185,1,96470185
chr1_96847486,1,96847486
chr1_96917491,1,96917491
chr1_98407367,1,98407367
chr1_98774293,1,98774293
chr1_99928109,1,99928109
chr1_100286952,1,100286952
chr1_100612675,1,100612675
chr1_101883032,1,101883032
chr1_102411194,1,102411194
chr1_102484197,1,102484197
chr1_104880306,1,104880306
chr1_105046945,1,105046945
chr1_105289465,1,105289465
chr1_108582810,1,108582810
chr1_108884883,1,108884883
chr1_109804813,1,109804813
chr1_110334812,1,110334812
chr1_111208422,1,111208422
chr1_111795352,1,111795352
chr1_111990736,1,111990736
chr1_113042549,1,113042549
chr1_113571836,1,113571836
chr1_114057949,1,114057949
chr1_114574233,1,114574233
chr1_114705427,1,114705427
chr1_117621281,1,117621281
chr1_117765699,1,117765699
chr1_119375130,1,119375130
chr1_119446001,1,119446001
chr1_119895261,1,119895261
chr1_143517337,1,143517337
chr1_146652118,1,146652118
chr1_149065406,1,149065406
chr1_151932375,1,151932375
chr1_152764795,1,152764795
chr1_153140359,1,153140359
chr1_155940948,1,155940948
chr1_160258242,1,160258242
chr1_161559327,1,161559327
chr1_161700231,1,161700231
chr1_163717209,1,163717209
chr1_164540861,1,164540861
chr1_165150126,1,165150126
chr1_165216783,1,165216783
chr1_166660101,1,166660101
chr1_168455065,1,168455065
chr1_171396584,1,171396584
chr1_171690238,1,171690238
chr1_171762125,1,171762125
chr1_171915057,1,171915057
chr1_173098695,1,173098695
chr1_173576971,1,173576971
chr1_173666177,1,173666177
chr1_174488230,1,174488230
chr1_175299301,1,175299301
chr1_177780156,1,177780156
chr1_178924615,1,178924615
chr1_179363275,1,179363275
chr1_179428362,1,179428362
chr1_180530769,1,180530769
chr1_182040959,1,182040959
chr1_182189739,1,182189739
chr1_183371192,1,183371192
chr1_183610416,1,183610416
chr1_183765630,1,183765630
chr1_184205634,1,184205634
chr1_185188793,1,185188793
chr1_185761151,1,185761151
chr1_187250261,1,187250261
chr1_189067463,1,189067463
chr1_189802438,1,189802438
chr1_190622633,1,190622633
chr1_191106026,1,191106026
chr1_193935950,1,193935950
chr1_194349410,1,194349410
chr1_194542413,1,194542413
chr1_195217561,1,195217561
chr1_196126735,1,196126735
chr1_198288709,1,198288709
chr1_198751393,1,198751393
chr1_199741049,1,199741049
chr1_199971363,1,199971363
chr1_201080369,1,201080369
chr1_201326838,1,201326838
chr1_202027755,1,202027755
chr1_202098078,1,202098078
chr1_203487892,1,203487892
chr1_203989800,1,203989800
chr1_204413748,1,204413748
chr1_204625007,1,204625007
chr1_204906600,1,204906600
chr1_205334476,1,205334476
chr1_205620895,1,205620895
chr1_208072697,1,208072697
chr1_208280881,1,208280881
chr1_209999051,1,209999051
chr1_210387562,1,210387562
chr1_211002395,1,211002395
chr1_211142834,1,211142834
chr1_212444904,1,212444904
chr1_213050887,1,213050887
chr1_215012412,1,215012412
chr1_215095955,1,215095955
chr1_215845310,1,215845310
chr1_216049162,1,216049162
chr1_216184427,1,216184427
chr1_216674316,1,216674316
chr1_217022299,1,217022299
chr1_217356154,1,217356154
chr1_217415162,1,217415162
chr1_217474401,1,217474401
chr1_219974057,1,219974057
chr1_221603142,1,221603142
chr1_222234225,1,222234225
chr1_222542529,1,222542529
chr1_226000303,1,226000303
chr1_226367874,1,226367874
chr1_226602510,1,226602510
chr1_227333175,1,227333175
chr1_227983336,1,227983336
chr1_228193931,1,228193931
chr1_229823966,1,229823966
chr1_230594749,1,230594749
chr1_232695646,1,232695646
chr1_232892425,1,232892425
chr1_233030248,1,233030248
chr1_234410343,1,234410343
chr1_234812041,1,234812041
chr1_235160328,1,235160328
chr1_237138582,1,237138582
chr1_237481988,1,237481988
chr1_238157240,1,238157240
chr1_238506357,1,238506357
chr1_239569350,1,239569350
chr1_241880580,1,241880580
chr1_243451405,1,243451405
chr1_246308279,1,246308279
chr1_246647966,1,246647966
chr1_247267668,1,247267668
chr1_247611413,1,247611413
chr1_248143743,1,248143743
chr1_248266382,1,248266382
chr1_248525330,1,248525330
chr20_138620,20,138620
chr20_779237,20,779237
chr20_1405756,20,1405756
chr20_1474481,20,1474481
chr20_1539350,20,1539350
chr20_2024688,20,2024688
chr20_2089036,20,2089036
chr20_2631075,20,2631075
chr20_2842102,20,2842102
chr20_3638518,20,3638518
chr20_4188267,20,4188267
chr20_4395778,20,4395778
chr20_4532711,20,4532711
chr20_5058088,20,5058088
chr20_6336546,20,6336546
chr20_8407440,20,8407440
chr20_10092626,20,10092626
chr20_11857213,20,11857213
chr20_12577504,20,12577504
chr20_12700976,20,12700976
chr20_13492998,20,13492998
chr20_13877161,20,13877161
chr20_14523712,20,14523712
chr20_15747063,20,15747063
chr20_18065024,20,18065024
chr20_18721378,20,18721378
chr20_19200608,20,19200608
chr20_20019147,20,20019147
chr20_21934525,20,21934525
chr20_23312692,20,23312692
chr20_24728125,20,24728125
chr20_25280781,20,25280781
chr20_25708759,20,25708759
chr20_31289047,20,31289047
chr20_33971085,20,33971085
chr20_34346502,20,34346502
chr20_37152920,20,37152920
chr20_37294883,20,37294883
chr20_37366096,20,37366096
chr20_37820996,20,37820996
chr20_39876567,20,39876567
chr20_40784747,20,40784747
chr20_42554374,20,42554374
chr20_43265604,20,43265604
chr20_43794070,20,43794070
chr20_44228051,20,44228051
chr20_46280584,20,46280584
chr20_46404712,20,46404712
chr20_47047747,20,47047747
chr20_47341907,20,47341907
chr20_47924908,20,47924908
chr20_48924164,20,48924164
chr20_49741474,20,49741474
chr20_50062586,20,50062586
chr20_50328487,20,50328487
chr20_51450612,20,51450612
chr20_52213648,20,52213648
chr20_52628524,20,52628524
chr20_53609874,20,53609874
chr20_54372682,20,54372682
chr20_56052598,20,56052598
chr20_56230137,20,56230137
chr20_56528352,20,56528352
chr20_58284254,20,58284254
chr20_59722734,20,59722734
chr20_60130351,20,60130351
chr20_60289603,20,60289603
chr20_60989365,20,60989365
chr21_11138265,21,11138265
chr21_15632001,21,15632001
chr21_15954528,21,15954528
chr21_16679853,21,16679853
chr21_16812630,21,16812630
chr21_16940401,21,16940401
chr21_17001763,21,17001763
chr21_18431308,21,18431308
chr21_18537161,21,18537161
chr21_18583786,21,18583786
chr21_19066540,21,19066540
chr21_19491628,21,19491628
chr21_19563425,21,19563425
chr21_19636897,21,19636897
chr21_20246704,21,20246704
chr21_21212781,21,21212781
chr21_21848069,21,21848069
chr21_21963752,21,21963752
chr21_22135991,21,22135991
chr21_22784738,21,22784738
chr21_23536587,21,23536587
chr21_23932413,21,23932413
chr21_24120742,21,24120742
chr21_24253712,21,24253712
chr21_24389489,21,24389489
chr21_24456769,21,24456769
chr21_24996901,21,24996901
chr21_25300358,21,25300358
chr21_28828764,21,28828764
chr21_29694821,21,29694821
chr21_29765916,21,29765916
chr21_31186894,21,31186894
chr21_31249960,21,31249960
chr21_31381148,21,31381148
chr21_33924375,21,33924375
chr21_34517455,21,34517455
chr21_36689751,21,36689751
chr21_37377631,21,37377631
chr21_38724829,21,38724829
chr21_39731391,21,39731391
chr21_40080260,21,40080260
chr21_40221279,21,40221279
chr21_40350931,21,40350931
chr21_40627020,21,40627020
chr21_40828382,21,40828382
chr21_41415044,21,41415044
chr21_41601422,21,41601422
chr21_41849478,21,41849478
chr21_42356817,21,42356817
chr21_42612880,21,42612880
chr21_43161805,21,43161805
chr21_44632427,21,44632427
chr21_44923645,21,44923645
chr21_45141115,21,45141115
chr21_46252318,21,46252318
chr21_46454595,21,46454595
chr21_46905041,21,46905041
chr21_46947477,21,46947477
chr21_47718633,21,47718633
chr22_17747278,22,17747278
chr22_18237906,22,18237906
chr22_19050878,22,19050878
chr22_19535132,22,19535132
chr22_19962769,22,19962769
chr22_21560491,22,21560491
chr22_22534363,22,22534363
chr22_23056273,22,23056273
chr22_23103832,22,23103832
chr22_23551151,22,23551151
chr22_24119331,22,24119331
chr22_25692224,22,25692224
chr22_26190291,22,26190291
chr22_27120203,22,27120203
chr22_27257220,22,27257220
chr22_27672797,22,27672797
chr22_29273028,22,29273028
chr22_29512730,22,29512730
chr22_29934547,22,29934547
chr22_31037602,22,31037602
chr22_31336149,22,31336149
chr22_32736667,22,32736667
chr22_32860250,22,32860250
chr22_34105222,22,34105222
chr22_35997971,22,35997971
chr22_37070055,22,37070055
chr22_37381343,22,37381343
chr22_37509087,22,37509087
chr22_37569796,22,37569796
chr22_38071511,22,38071511
chr22_38196837,22,38196837
chr22_39264805,22,39264805
chr22_39894549,22,39894549
chr22_41374107,22,41374107
chr22_43095457,22,43095457
chr22_43540978,22,43540978
chr22_45261328,22,45261328
chr22_45858278,22,45858278
chr22_45981504,22,45981504
chr22_46591845,22,46591845
chr22_46657798,22,46657798
chr22_46719357,22,46719357
chr22_46815928,22,46815928
chr22_47130782,22,47130782
chr22_47613543,22,47613543
chr22_47774429,22,47774429
chr22_48679288,22,48679288
chr22_49467981,22,49467981
chr22_49560321,22,49560321
chr22_50618066,22,50618066
chr2_258210,2,258210
chr2_854963,2,854963
chr2_1152946,2,1152946
chr2_1810457,2,1810457
chr2_2191758,2,2191758
chr2_2728385,2,2728385
chr2_3674077,2,3674077
chr2_4169089,2,4169089
chr2_5859603,2,5859603
chr2_6334830,2,6334830
chr2_6582822,2,6582822
chr2_7164812,2,7164812
chr2_7582762,2,7582762
chr2_8093026,2,8093026
chr2_9918758,2,9918758
chr2_10239208,2,10239208
chr2_10739651,2,10739651
chr2_10988517,2,10988517
chr2_12043319,2,12043319
chr2_12169010,2,12169010
chr2_12930405,2,12930405
chr2_14350328,2,14350328
chr2_15227430,2,15227430
chr2_16176894,2,16176894
chr2_18072528,2,18072528
chr2_18145021,2,18145021
chr2_18465890,2,18465890
chr2_18529866,2,18529866
chr2_19099097,2,19099097
chr2_19514419,2,19514419
chr2_19856960,2,19856960
chr2_20042121,2,20042121
chr2_23337884,2,23337884
chr2_23544311,2,23544311
chr2_24168188,2,24168188
chr2_25100738,2,25100738
chr2_25956445,2,25956445
chr2_26960055,2,26960055
chr2_28145313,2,28145313
chr2_28481632,2,28481632
chr2_29436633,2,29436633
chr2_29698164,2,29698164
chr2_29823352,2,29823352
chr2_30342750,2,30342750
chr2_30741913,2,30741913
chr2_30941795,2,30941795
chr2_32192141,2,32192141
chr2_33098558,2,33098558
chr2_33228292,2,33228292
chr2_34142201,2,34142201
chr2_34644214,2,34644214
chr2_35557894,2,35557894
chr2_36870416,2,36870416
chr2_37235324,2,37235324
chr2_37302180,2,37302180
chr2_38524487,2,38524487
chr2_38993777,2,38993777
chr2_40927841,2,40927841
chr2_42442163,2,42442163
chr2_42497913,2,42497913
chr2_45542306,2,45542306
chr2_45803035,2,45803035
chr2_46400604,2,46400604
chr2_47119806,2,47119806
chr2_48040784,2,48040784
chr2_48744928,2,48744928
chr2_48861343,2,48861343
chr2_51326497,2,51326497
chr2_52346248,2,52346248
chr2_52644607,2,52644607
chr2_52808561,2,52808561
chr2_54584738,2,54584738
chr2_54844970,2,54844970
chr2_55034113,2,55034113
chr2_56108333,2,56108333
chr2_56622818,2,56622818
chr2_57247562,2,57247562
chr2_57306578,2,57306578
chr2_57479702,2,57479702
chr2_57718298,2,57718298
chr2_58892049,2,58892049
chr2_59433022,2,59433022
chr2_59896923,2,59896923
chr2_60538243,2,60538243
chr2_60739061,2,60739061
chr2_64820733,2,64820733
chr2_65448897,2,65448897
chr2_66414782,2,66414782
chr2_67608838,2,67608838
chr2_69361621,2,69361621
chr2_70459227,2,70459227
chr2_71214755,2,71214755
chr2_71270035,2,71270035
chr2_71469011,2,71469011
chr2_72339870,2,72339870
chr2_73419367,2,73419367
chr2_75458058,2,75458058
chr2_75979892,2,75979892
chr2_76363928,2,76363928
chr2_76760870,2,76760870
chr2_77367890,2,77367890
chr2_78459643,2,78459643
chr2_80053619,2,80053619
chr2_81104506,2,81104506
chr2_81230361,2,81230361
chr2_81851587,2,81851587
chr2_82124086,2,82124086
chr2_83762070,2,83762070
chr2_83841825,2,83841825
chr2_86923434,2,86923434
chr2_87291652,2,87291652
chr2_89833145,2,89833145
chr2_98393894,2,98393894
chr2_99379459,2,99379459
chr2_101104652,2,101104652
chr2_101303625,2,101303625
chr2_102431663,2,102431663
chr2_102511761,2,102511761
chr2_102984624,2,102984624
chr2_103335754,2,103335754
chr2_103561126,2,103561126
chr2_103633789,2,103633789
chr2_104127109,2,104127109
chr2_106012413,2,106012413
chr2_107219263,2,107219263
chr2_107951720,2,107951720
chr2_108536524,2,108536524
chr2_110278197,2,110278197
chr2_112400825,2,112400825
chr2_113608823,2,113608823
chr2_114479646,2,114479646
chr2_115063111,2,115063111
chr2_116825042,2,116825042
chr2_117094197,2,117094197
chr2_117894381,2,117894381
chr2_118019225,2,118019225
chr2_118160828,2,118160828
chr2_118350241,2,118350241
chr2_118406824,2,118406824
chr2_119631220,2,119631220
chr2_119886918,2,119886918
chr2_121001451,2,121001451
chr2_121835283,2,121835283
chr2_122665583,2,122665583
chr2_123332354,2,123332354
chr2_123973769,2,123973769
chr2_124095615,2,124095615
chr2_124275175,2,124275175
chr2_125083298,2,125083298
chr2_125551558,2,125551558
chr2_126169657,2,126169657
chr2_126766935,2,126766935
chr2_126839337,2,126839337
chr2_127517228,2,127517228
chr2_128110082,2,128110082
chr2_128660235,2,128660235
chr2_130179831,2,130179831
chr2_132766337,2,132766337
chr2_133435305,2,133435305
chr2_133506387,2,133506387
chr2_133644246,2,133644246
chr2_134783395,2,134783395
chr2_135053117,2,135053117
chr2_135342391,2,135342391
chr2_135576890,2,135576890
chr2_138071239,2,138071239
chr2_138622180,2,138622180
chr2_139499973,2,139499973
chr2_139919694,2,139919694
chr2_141627898,2,141627898
chr2_142075788,2,142075788
chr2_142199474,2,142199474
chr2_143249298,2,143249298
chr2_143692887,2,143692887
chr2_143916311,2,143916311
chr2_144062815,2,144062815
chr2_145186749,2,145186749
chr2_146573408,2,146573408
chr2_151320822,2,151320822
chr2_151835317,2,151835317
chr2_152135415,2,152135415
chr2_152892606,2,152892606
chr2_153345413,2,153345413
chr2_154993640,2,154993640
chr2_155364830,2,155364830
chr2_159061166,2,159061166
chr2_159615541,2,159615541
chr2_162352888,2,162352888
chr2_162432494,2,162432494
chr2_162741508,2,162741508
chr2_163036308,2,163036308
chr2_165050549,2,165050549
chr2_165999040,2,165999040
chr2_167331603,2,167331603
chr2_168224154,2,168224154
chr2_168848831,2,168848831
chr2_169352260,2,169352260
chr2_169634963,2,169634963
chr2_170479662,2,170479662
chr2_170778696,2,170778696
chr2_173248951,2,173248951
chr2_174831023,2,174831023
chr2_175079597,2,175079597
chr2_177804944,2,177804944
chr2_178551511,2,178551511
chr2_178697529,2,178697529
chr2_179639297,2,179639297
chr2_180261951,2,180261951
chr2_181271753,2,181271753
chr2_181409601,2,181409601
chr2_181917754,2,181917754
chr2_182441862,2,182441862
chr2_183052913,2,183052913
chr2_184365753,2,184365753
chr2_184503365,2,184503365
chr2_187104885,2,187104885
chr2_188539571,2,188539571
chr2_191294529,2,191294529
chr2_192163406,2,192163406
chr2_192678266,2,192678266
chr2_192986104,2,192986104
chr2_193219056,2,193219056
chr2_194228442,2,194228442
chr2_194463663,2,194463663
chr2_195671235,2,195671235
chr2_198561735,2,198561735
chr2_204173571,2,204173571
chr2_206071402,2,206071402
chr2_209057517,2,209057517
chr2_209622211,2,209622211
chr2_209944440,2,209944440
chr2_210375378,2,210375378
chr2_214003871,2,214003871
chr2_216300795,2,216300795
chr2_216523201,2,216523201
chr2_216886889,2,216886889
chr2_216959230,2,216959230
chr2_218711738,2,218711738
chr2_219420694,2,219420694
chr2_220612810,2,220612810
chr2_221166863,2,221166863
chr2_222064941,2,222064941
chr2_222267191,2,222267191
chr2_222407442,2,222407442
chr2_223873299,2,223873299
chr2_224009048,2,224009048
chr2_225131678,2,225131678
chr2_228104454,2,228104454
chr2_229252098,2,229252098
chr2_231425650,2,231425650
chr2_232507685,2,232507685
chr2_232985546,2,232985546
chr2_233937896,2,233937896
chr2_234574613,2,234574613
chr2_234829120,2,234829120
chr2_235648975,2,235648975
chr2_236394141,2,236394141
chr2_238554999,2,238554999
chr2_239798594,2,239798594
chr2_239941638,2,239941638
chr2_241005516,2,241005516
chr2_242327076,2,242327076
chr2_242759777,2,242759777
chr3_259457,3,259457
chr3_3030223,3,3030223
chr3_3089219,3,3089219
chr3_3533727,3,3533727
chr3_3979796,3,3979796
chr3_5094952,3,5094952
chr3_5325924,3,5325924
chr3_5433969,3,5433969
chr3_5934444,3,5934444
chr3_7428082,3,7428082
chr3_7954629,3,7954629
chr3_8817758,3,8817758
chr3_8882406,3,8882406
chr3_9274068,3,9274068
chr3_9553006,3,9553006
chr3_10132460,3,10132460
chr3_10320968,3,10320968
chr3_10448426,3,10448426
chr3_13150039,3,13150039
chr3_13715876,3,13715876
chr3_14309514,3,14309514
chr3_14428788,3,14428788
chr3_14826422,3,14826422
chr3_15173371,3,15173371
chr3_16161153,3,16161153
chr3_16845144,3,16845144
chr3_18517403,3,18517403
chr3_18597255,3,18597255
chr3_19253068,3,19253068
chr3_19616897,3,19616897
chr3_19823532,3,19823532
chr3_21307401,3,21307401
chr3_22173759,3,22173759
chr3_22718898,3,22718898
chr3_22833761,3,22833761
chr3_23158915,3,23158915
chr3_24086300,3,24086300
chr3_24275702,3,24275702
chr3_24747610,3,24747610
chr3_24933191,3,24933191
chr3_25147501,3,25147501
chr3_25880631,3,25880631
chr3_27095656,3,27095656
chr3_27301586,3,27301586
chr3_27444392,3,27444392
chr3_27645090,3,27645090
chr3_30857228,3,30857228
chr3_32012756,3,32012756
chr3_32157107,3,32157107
chr3_34052342,3,34052342
chr3_34861338,3,34861338
chr3_35278145,3,35278145
chr3_36148763,3,36148763
chr3_36212748,3,36212748
chr3_37018991,3,37018991
chr3_37485641,3,37485641
chr3_37628954,3,37628954
chr3_38085448,3,38085448
chr3_39268725,3,39268725
chr3_41136285,3,41136285
chr3_43010683,3,43010683
chr3_43605688,3,43605688
chr3_45653577,3,45653577
chr3_46468813,3,46468813
chr3_46851007,3,46851007
chr3_47090661,3,47090661
chr3_48293524,3,48293524
chr3_49539401,3,49539401
chr3_50637469,3,50637469
chr3_50987194,3,50987194
chr3_53066268,3,53066268
chr3_54476770,3,54476770
chr3_55107944,3,55107944
chr3_55171127,3,55171127
chr3_55363997,3,55363997
chr3_58049891,3,58049891
chr3_58324283,3,58324283
chr3_61725220,3,61725220
chr3_62841521,3,62841521
chr3_64462678,3,64462678
chr3_64780788,3,64780788
chr3_64964661,3,64964661
chr3_65307541,3,65307541
chr3_66134038,3,66134038
chr3_66853608,3,66853608
chr3_68464042,3,68464042
chr3_69648484,3,69648484
chr3_71907532,3,71907532
chr3_72361157,3,72361157
chr3_73821584,3,73821584
chr3_74082903,3,74082903
chr3_74608447,3,74608447
chr3_75594495,3,75594495
chr3_75996625,3,75996625
chr3_76539092,3,76539092
chr3_76682820,3,76682820
chr3_78280919,3,78280919
chr3_79449839,3,79449839
chr3_79738599,3,79738599
chr3_80536788,3,80536788
chr3_83849641,3,83849641
chr3_84261341,3,84261341
chr3_85950384,3,85950384
chr3_88296807,3,88296807
chr3_89649439,3,89649439
chr3_95005277,3,95005277
chr3_95184863,3,95184863
chr3_95313570,3,95313570
chr3_95373871,3,95373871
chr3_95498844,3,95498844
chr3_96805038,3,96805038
chr3_96880241,3,96880241
chr3_97469435,3,97469435
chr3_97790565,3,97790565
chr3_97846458,3,97846458
chr3_98109873,3,98109873
chr3_98306216,3,98306216
chr3_98594902,3,98594902
chr3_100827338,3,100827338
chr3_103299709,3,103299709
chr3_103361353,3,103361353
chr3_104178878,3,104178878
chr3_104326460,3,104326460
chr3_104777973,3,104777973
chr3_105280205,3,105280205
chr3_105488076,3,105488076
chr3_106159393,3,106159393
chr3_106725717,3,106725717
chr3_106795695,3,106795695
chr3_107720228,3,107720228
chr3_107868661,3,107868661
chr3_109439443,3,109439443
chr3_110166084,3,110166084
chr3_111529928,3,111529928
chr3_113004155,3,113004155
chr3_115358824,3,115358824
chr3_115728651,3,115728651
chr3_116102745,3,116102745
chr3_116246864,3,116246864
chr3_116651981,3,116651981
chr3_116990816,3,116990816
chr3_117056941,3,117056941
chr3_117460638,3,117460638
chr3_118669017,3,118669017
chr3_119016198,3,119016198
chr3_119372164,3,119372164
chr3_120359421,3,120359421
chr3_121020169,3,121020169
chr3_121712980,3,121712980
chr3_121871331,3,121871331
chr3_122854935,3,122854935
chr3_123583879,3,123583879
chr3_124202107,3,124202107
chr3_125459083,3,125459083
chr3_125493356,3,125493356
chr3_126641756,3,126641756
chr3_127860479,3,127860479
chr3_129272696,3,129272696
chr3_131354616,3,131354616
chr3_131690170,3,131690170
chr3_132052401,3,132052401
chr3_132512280,3,132512280
chr3_132937947,3,132937947
chr3_137160213,3,137160213
chr3_137682900,3,137682900
chr3_137836353,3,137836353
chr3_140138554,3,140138554
chr3_140415361,3,140415361
chr3_140634101,3,140634101
chr3_141128804,3,141128804
chr3_144590263,3,144590263
chr3_144660477,3,144660477
chr3_144944044,3,144944044
chr3_145495730,3,145495730
chr3_146257393,3,146257393
chr3_147302194,3,147302194
chr3_147862402,3,147862402
chr3_148302338,3,148302338
chr3_148818772,3,148818772
chr3_149379353,3,149379353
chr3_149767539,3,149767539
chr3_149839729,3,149839729
chr3_151140556,3,151140556
chr3_153242983,3,153242983
chr3_153889601,3,153889601
chr3_155758614,3,155758614
chr3_156908720,3,156908720
chr3_156991097,3,156991097
chr3_158168585,3,158168585
chr3_158247007,3,158247007
chr3_158557459,3,158557459
chr3_159137759,3,159137759
chr3_160220716,3,160220716
chr3_160681614,3,160681614
chr3_160836700,3,160836700
chr3_163216268,3,163216268
chr3_163513470,3,163513470
chr3_163660882,3,163660882
chr3_164196906,3,164196906
chr3_164341382,3,164341382
chr3_165612909,3,165612909
chr3_167870265,3,167870265
chr3_170223550,3,170223550
chr3_171827336,3,171827336
chr3_172046933,3,172046933
chr3_172846749,3,172846749
chr3_173158103,3,173158103
chr3_174123537,3,174123537
chr3_174352297,3,174352297
chr3_174490143,3,174490143
chr3_175200194,3,175200194
chr3_176021945,3,176021945
chr3_176373380,3,176373380
chr3_176926429,3,176926429
chr3_177276418,3,177276418
chr3_178444271,3,178444271
chr3_178750644,3,178750644
chr3_178911975,3,178911975
chr3_180648682,3,180648682
chr3_181940645,3,181940645
chr3_183089760,3,183089760
chr3_183730116,3,183730116
chr3_184485841,3,184485841
chr3_186000722,3,186000722
chr3_187139513,3,187139513
chr3_188646633,3,188646633
chr3_189778883,3,189778883
chr3_189900554,3,189900554
chr3_190695356,3,190695356
chr3_191176545,3,191176545
chr3_191792018,3,191792018
chr3_192907683,3,192907683
chr3_193684005,3,193684005
chr3_193744854,3,193744854
chr3_194064402,3,194064402
chr3_194251804,3,194251804
chr3_194308765,3,194308765
chr3_194363175,3,194363175
chr3_194666803,3,194666803
chr3_194776943,3,194776943
chr3_195232655,3,195232655
chr3_195597549,3,195597549
chr3_195724614,3,195724614
chr3_196045555,3,196045555
chr3_196247440,3,196247440
chr3_196948655,3,196948655
chr3_197258289,3,197258289
chr3_197884429,3,197884429
chr4_506372,4,506372
chr4_726322,4,726322
chr4_1254930,4,1254930
chr4_1310448,4,1310448
chr4_1560645,4,1560645
chr4_2358232,4,2358232
chr4_2669409,4,2669409
chr4_3928134,4,3928134
chr4_4079124,4,4079124
chr4_4120743,4,4120743
chr4_5525378,4,5525378
chr4_7216154,4,7216154
chr4_7876390,4,7876390
chr4_8291102,4,8291102
chr4_8697488,4,8697488
chr4_8792701,4,8792701
chr4_8868171,4,8868171
chr4_9093536,4,9093536
chr4_9418944,4,9418944
chr4_9979279,4,9979279
chr4_11115352,4,11115352
chr4_11490786,4,11490786
chr4_11549298,4,11549298
chr4_11836893,4,11836893
chr4_12793585,4,12793585
chr4_13927930,4,13927930
chr4_15499251,4,15499251
chr4_16298575,4,16298575
chr4_16862164,4,16862164
chr4_16930525,4,16930525
chr4_18324844,4,18324844
chr4_19521505,4,19521505
chr4_21117046,4,21117046
chr4_21375450,4,21375450
chr4_21637244,4,21637244
chr4_22176328,4,22176328
chr4_24340511,4,24340511
chr4_27620640,4,27620640
chr4_29924629,4,29924629
chr4_30604773,4,30604773
chr4_32454478,4,32454478
chr4_34107879,4,34107879
chr4_34868958,4,34868958
chr4_35366128,4,35366128
chr4_35602061,4,35602061
chr4_35718067,4,35718067
chr4_35852682,4,35852682
chr4_36131060,4,36131060
chr4_37004743,4,37004743
chr4_37557342,4,37557342
chr4_38235883,4,38235883
chr4_38578137,4,38578137
chr4_38979682,4,38979682
chr4_39129844,4,39129844
chr4_39829849,4,39829849
chr4_41320231,4,41320231
chr4_42618822,4,42618822
chr4_42751332,4,42751332
chr4_43892682,4,43892682
chr4_44577166,4,44577166
chr4_46027834,4,46027834
chr4_46709927,4,46709927
chr4_47480558,4,47480558
chr4_54243141,4,54243141
chr4_54462212,4,54462212
chr4_54596795,4,54596795
chr4_55096270,4,55096270
chr4_55769394,4,55769394
chr4_56158891,4,56158891
chr4_56519241,4,56519241
chr4_58144650,4,58144650
chr4_58720485,4,58720485
chr4_60006819,4,60006819
chr4_60064254,4,60064254
chr4_61226168,4,61226168
chr4_62032070,4,62032070
chr4_62172534,4,62172534
chr4_62313287,4,62313287
chr4_62390461,4,62390461
chr4_62610696,4,62610696
chr4_63537123,4,63537123
chr4_63769930,4,63769930
chr4_64668641,4,64668641
chr4_64796557,4,64796557
chr4_65869002,4,65869002
chr4_66382876,4,66382876
chr4_66513573,4,66513573
chr4_66961462,4,66961462
chr4_68043486,4,68043486
chr4_68243568,4,68243568
chr4_68468228,4,68468228
chr4_68690277,4,68690277
chr4_69610004,4,69610004
chr4_69952082,4,69952082
chr4_70171938,4,70171938
chr4_70765008,4,70765008
chr4_71013320,4,71013320
chr4_71079513,4,71079513
chr4_71213394,4,71213394
chr4_73492494,4,73492494
chr4_73552093,4,73552093
chr4_73679419,4,73679419
chr4_73733122,4,73733122
chr4_75370215,4,75370215
chr4_75977301,4,75977301
chr4_76514614,4,76514614
chr4_78250309,4,78250309
chr4_79518887,4,79518887
chr4_79982533,4,79982533
chr4_80769324,4,80769324
chr4_81545638,4,81545638
chr4_82942076,4,82942076
chr4_83241134,4,83241134
chr4_84201479,4,84201479
chr4_85273310,4,85273310
chr4_86116461,4,86116461
chr4_86690079,4,86690079
chr4_87238031,4,87238031
chr4_87955544,4,87955544
chr4_88102967,4,88102967
chr4_88252573,4,88252573
chr4_90100948,4,90100948
chr4_90573045,4,90573045
chr4_90721637,4,90721637
chr4_91001043,4,91001043
chr4_92266330,4,92266330
chr4_92784430,4,92784430
chr4_94069057,4,94069057
chr4_95307175,4,95307175
chr4_96168719,4,96168719
chr4_96581564,4,96581564
chr4_96892392,4,96892392
chr4_97422013,4,97422013
chr4_97554263,4,97554263
chr4_97921253,4,97921253
chr4_99991642,4,99991642
chr4_100062466,4,100062466
chr4_100301241,4,100301241
chr4_100533913,4,100533913
chr4_102509402,4,102509402
chr4_103377005,4,103377005
chr4_103757641,4,103757641
chr4_104274018,4,104274018
chr4_104740652,4,104740652
chr4_105858508,4,105858508
chr4_105938179,4,105938179
chr4_106318207,4,106318207
chr4_106527165,4,106527165
chr4_106765915,4,106765915
chr4_108228806,4,108228806
chr4_108830476,4,108830476
chr4_109225926,4,109225926
chr4_111211234,4,111211234
chr4_112246738,4,112246738
chr4_112865123,4,112865123
chr4_114089743,4,114089743
chr4_114164585,4,114164585
chr4_115216911,4,115216911
chr4_115654365,4,115654365
chr4_115727643,4,115727643
chr4_115871031,4,115871031
chr4_116952614,4,116952614
chr4_117301183,4,117301183
chr4_117429916,4,117429916
chr4_117493204,4,117493204
chr4_117616344,4,117616344
chr4_117909549,4,117909549
chr4_118340506,4,118340506
chr4_119624641,4,119624641
chr4_119704744,4,119704744
chr4_119918448,4,119918448
chr4_121296151,4,121296151
chr4_121436033,4,121436033
chr4_122199104,4,122199104
chr4_122617688,4,122617688
chr4_125199539,4,125199539
chr4_125558866,4,125558866
chr4_125775711,4,125775711
chr4_126940603,4,126940603
chr4_127341052,4,127341052
chr4_128150332,4,128150332
chr4_128950238,4,128950238
chr4_129443161,4,129443161
chr4_130940921,4,130940921
chr4_131277455,4,131277455
chr4_131804615,4,131804615
chr4_132456338,4,132456338
chr4_133042575,4,133042575
chr4_133249614,4,133249614
chr4_134022957,4,134022957
chr4_136072657,4,136072657
chr4_136415590,4,136415590
chr4_136804680,4,136804680
chr4_137494323,4,137494323
chr4_138642592,4,138642592
chr4_140562182,4,140562182
chr4_143282778,4,143282778
chr4_144028568,4,144028568
chr4_144706639,4,144706639
chr4_149572193,4,149572193
chr4_150375347,4,150375347
chr4_150829872,4,150829872
chr4_151035926,4,151035926
chr4_152321881,4,152321881
chr4_153532240,4,153532240
chr4_153970294,4,153970294
chr4_154401582,4,154401582
chr4_155916134,4,155916134
chr4_156054738,4,156054738
chr4_156121736,4,156121736
chr4_157365984,4,157365984
chr4_158687138,4,158687138
chr4_158758849,4,158758849
chr4_160157642,4,160157642
chr4_160233232,4,160233232
chr4_160906981,4,160906981
chr4_161987951,4,161987951
chr4_164216739,4,164216739
chr4_164645477,4,164645477
chr4_164992023,4,164992023
chr4_165061164,4,165061164
chr4_165122509,4,165122509
chr4_165268669,4,165268669
chr4_165548634,4,165548634
chr4_166574759,4,166574759
chr4_167322741,4,167322741
chr4_167465716,4,167465716
chr4_167537183,4,167537183
chr4_169404302,4,169404302
chr4_170130214,4,170130214
chr4_171299485,4,171299485
chr4_171634823,4,171634823
chr4_172408167,4,172408167
chr4_172542643,4,172542643
chr4_174834295,4,174834295
chr4_175264703,4,175264703
chr4_175480636,4,175480636
chr4_175622590,4,175622590
chr4_175832662,4,175832662
chr4_177227998,4,177227998
chr4_177857218,4,177857218
chr4_177998168,4,177998168
chr4_178426044,4,178426044
chr4_179369002,4,179369002
chr4_180932666,4,180932666
chr4_181945567,4,181945567
chr4_182068097,4,182068097
chr4_182311061,4,182311061
chr4_182369214,4,182369214
chr4_183737933,4,183737933
chr4_183928174,4,183928174
chr4_184974235,4,184974235
chr4_185424511,4,185424511
chr4_185811189,4,185811189
chr4_185981730,4,185981730
chr4_186658780,4,186658780
chr4_187413194,4,187413194
chr4_188529342,4,188529342
chr4_188800733,4,188800733
chr4_188863191,4,188863191
chr4_189251165,4,189251165
chr4_189897845,4,189897845
chr4_190402838,4,190402838
chr4_190526823,4,190526823
chr5_304462,5,304462
chr5_1066739,5,1066739
chr5_1652224,5,1652224
chr5_3539652,5,3539652
chr5_6567922,5,6567922
chr5_7242819,5,7242819
chr5_8195096,5,8195096
chr5_8535527,5,8535527
chr5_10002720,5,10002720
chr5_10067486,5,10067486
chr5_11822748,5,11822748
chr5_12472314,5,12472314
chr5_12824619,5,12824619
chr5_13926197,5,13926197
chr5_14390577,5,14390577
chr5_14520036,5,14520036
chr5_16021557,5,16021557
chr5_16981743,5,16981743
chr5_17382703,5,17382703
chr5_18142966,5,18142966
chr5_19001898,5,19001898
chr5_19072329,5,19072329
chr5_19143429,5,19143429
chr5_19302090,5,19302090
chr5_20800122,5,20800122
chr5_21861582,5,21861582
chr5_23098416,5,23098416
chr5_24554171,5,24554171
chr5_24884404,5,24884404
chr5_25631478,5,25631478
chr5_26368149,5,26368149
chr5_26622364,5,26622364
chr5_27955741,5,27955741
chr5_28093125,5,28093125
chr5_28507234,5,28507234
chr5_29334117,5,29334117
chr5_30825689,5,30825689
chr5_33108686,5,33108686
chr5_33596224,5,33596224
chr5_34570537,5,34570537
chr5_35129621,5,35129621
chr5_36201336,5,36201336
chr5_36555055,5,36555055
chr5_36781051,5,36781051
chr5_37800221,5,37800221
chr5_39118413,5,39118413
chr5_39456098,5,39456098
chr5_40247047,5,40247047
chr5_40951368,5,40951368
chr5_41148125,5,41148125
chr5_41825798,5,41825798
chr5_41988664,5,41988664
chr5_43718220,5,43718220
chr5_43952084,5,43952084
chr5_45538384,5,45538384
chr5_49687465,5,49687465
chr5_50075654,5,50075654
chr5_50216352,5,50216352
chr5_51123251,5,51123251
chr5_51518141,5,51518141
chr5_52062052,5,52062052
chr5_53635364,5,53635364
chr5_53704541,5,53704541
chr5_53914809,5,53914809
chr5_54190247,5,54190247
chr5_54931106,5,54931106
chr5_55079518,5,55079518
chr5_55579789,5,55579789
chr5_56074451,5,56074451
chr5_56664596,5,56664596
chr5_60308836,5,60308836
chr5_61385606,5,61385606
chr5_61782110,5,61782110
chr5_62552497,5,62552497
chr5_62694441,5,62694441
chr5_63036898,5,63036898
chr5_63783781,5,63783781
chr5_64902292,5,64902292
chr5_65065028,5,65065028
chr5_65662467,5,65662467
chr5_66161010,5,66161010
chr5_66737802,5,66737802
chr5_66962521,5,66962521
chr5_71387306,5,71387306
chr5_73092269,5,73092269
chr5_73303169,5,73303169
chr5_74904326,5,74904326
chr5_75720649,5,75720649
chr5_75940274,5,75940274
chr5_76372709,5,76372709
chr5_77931536,5,77931536
chr5_78828196,5,78828196
chr5_79619755,5,79619755
chr5_80500967,5,80500967
chr5_80575775,5,80575775
chr5_80723693,5,80723693
chr5_82001631,5,82001631
chr5_82361374,5,82361374
chr5_82508576,5,82508576
chr5_82831359,5,82831359
chr5_83199000,5,83199000
chr5_83982004,5,83982004
chr5_84885351,5,84885351
chr5_85228018,5,85228018
chr5_86803812,5,86803812
chr5_87290221,5,87290221
chr5_87368073,5,87368073
chr5_88924503,5,88924503
chr5_90835224,5,90835224
chr5_91064360,5,91064360
chr5_94006802,5,94006802
chr5_95877665,5,95877665
chr5_96393085,5,96393085
chr5_96464878,5,96464878
chr5_96733853,5,96733853
chr5_97015988,5,97015988
chr5_98676531,5,98676531
chr5_100575164,5,100575164
chr5_101128989,5,101128989
chr5_103924699,5,103924699
chr5_105921679,5,105921679
chr5_106935614,5,106935614
chr5_108060101,5,108060101
chr5_108531305,5,108531305
chr5_109253683,5,109253683
chr5_111227702,5,111227702
chr5_112016025,5,112016025
chr5_113496557,5,113496557
chr5_113558335,5,113558335
chr5_113622874,5,113622874
chr5_114249837,5,114249837
chr5_114419303,5,114419303
chr5_115082586,5,115082586
chr5_115639978,5,115639978
chr5_116126220,5,116126220
chr5_118853360,5,118853360
chr5_120592185,5,120592185
chr5_121074025,5,121074025
chr5_121391483,5,121391483
chr5_122238387,5,122238387
chr5_122882380,5,122882380
chr5_123024520,5,123024520
chr5_125585574,5,125585574
chr5_126133293,5,126133293
chr5_127057148,5,127057148
chr5_127601136,5,127601136
chr5_128198263,5,128198263
chr5_128268601,5,128268601
chr5_128395927,5,128395927
chr5_129174140,5,129174140
chr5_129248302,5,129248302
chr5_129618633,5,129618633
chr5_131187826,5,131187826
chr5_131783213,5,131783213
chr5_132401730,5,132401730
chr5_133531028,5,133531028
chr5_134689300,5,134689300
chr5_134833869,5,134833869
chr5_136420127,5,136420127
chr5_139147683,5,139147683
chr5_140992235,5,140992235
chr5_142203207,5,142203207
chr5_142877286,5,142877286
chr5_143919661,5,143919661
chr5_144114347,5,144114347
chr5_144811059,5,144811059
chr5_145512390,5,145512390
chr5_145734986,5,145734986
chr5_147105672,5,147105672
chr5_149963185,5,149963185
chr5_150534919,5,150534919
chr5_150673848,5,150673848
chr5_150739932,5,150739932
chr5_152120504,5,152120504
chr5_152405169,5,152405169
chr5_152621984,5,152621984
chr5_152748516,5,152748516
chr5_153107480,5,153107480
chr5_155208788,5,155208788
chr5_156112766,5,156112766
chr5_156330661,5,156330661
chr5_157933592,5,157933592
chr5_158535041,5,158535041
chr5_158782068,5,158782068
chr5_159639906,5,159639906
chr5_160196659,5,160196659
chr5_161859854,5,161859854
chr5_162759554,5,162759554
chr5_164444398,5,164444398
chr5_165700298,5,165700298
chr5_166970306,5,166970306
chr5_167117853,5,167117853
chr5_168310585,5,168310585
chr5_168702502,5,168702502
chr5_168918606,5,168918606
chr5_169542281,5,169542281
chr5_170212127,5,170212127
chr5_170802443,5,170802443
chr5_171557395,5,171557395
chr5_171828573,5,171828573
chr5_172498259,5,172498259
chr5_173125293,5,173125293
chr5_174057150,5,174057150
chr5_174190130,5,174190130
chr5_174652439,5,174652439
chr5_176003960,5,176003960
chr5_178269126,5,178269126
chr5_178453837,5,178453837
chr5_178526105,5,178526105
chr5_179258901,5,179258901
chr5_179765467,5,179765467
chr5_180068239,5,180068239
chr5_180320867,5,180320867
chr6_580323,6,580323
chr6_1281235,6,1281235
chr6_2068725,6,2068725
chr6_2926077,6,2926077
chr6_3828230,6,3828230
chr6_3894981,6,3894981
chr6_4435289,6,4435289
chr6_5016475,6,5016475
chr6_5087422,6,5087422
chr6_5952667,6,5952667
chr6_6611909,6,6611909
chr6_8215963,6,8215963
chr6_9328847,6,9328847
chr6_9744561,6,9744561
chr6_10419163,6,10419163
chr6_11821628,6,11821628
chr6_13181008,6,13181008
chr6_14745282,6,14745282
chr6_15237449,6,15237449
chr6_15985534,6,15985534
chr6_16298866,6,16298866
chr6_16807092,6,16807092
chr6_16956041,6,16956041
chr6_17378471,6,17378471
chr6_17588158,6,17588158
chr6_19397061,6,19397061
chr6_19592564,6,19592564
chr6_20992970,6,20992970
chr6_21154412,6,21154412
chr6_23148266,6,23148266
chr6_23801251,6,23801251
chr6_24086836,6,24086836
chr6_24685021,6,24685021
chr6_25545151,6,25545151
chr6_26270961,6,26270961
chr6_26566368,6,26566368
chr6_29675676,6,29675676
chr6_29839502,6,29839502
chr6_29885774,6,29885774
chr6_29918538,6,29918538
chr6_30092707,6,30092707
chr6_30229694,6,30229694
chr6_31087310,6,31087310
chr6_31307715,6,31307715
chr6_31336960,6,31336960
chr6_32410716,6,32410716
chr6_32491945,6,32491945
chr6_32523581,6,32523581
chr6_32552134,6,32552134
chr6_32579549,6,32579549
chr6_32602430,6,32602430
chr6_32628084,6,32628084
chr6_32649180,6,32649180
chr6_33080360,6,33080360
chr6_33730095,6,33730095
chr6_33796109,6,33796109
chr6_34864646,6,34864646
chr6_35620627,6,35620627
chr6_36068303,6,36068303
chr6_36356002,6,36356002
chr6_36710269,6,36710269
chr6_36910017,6,36910017
chr6_37100772,6,37100772
chr6_39162806,6,39162806
chr6_39281456,6,39281456
chr6_40174808,6,40174808
chr6_40494855,6,40494855
chr6_44665034,6,44665034
chr6_44730395,6,44730395
chr6_45176540,6,45176540
chr6_45397050,6,45397050
chr6_47104856,6,47104856
chr6_47518939,6,47518939
chr6_47849551,6,47849551
chr6_49287716,6,49287716
chr6_49419864,6,49419864
chr6_50035034,6,50035034
chr6_51224727,6,51224727
chr6_52028725,6,52028725
chr6_52163964,6,52163964
chr6_52539268,6,52539268
chr6_53206499,6,53206499
chr6_54642652,6,54642652
chr6_56304126,6,56304126
chr6_56386814,6,56386814
chr6_57588996,6,57588996
chr6_58035085,6,58035085
chr6_58742565,6,58742565
chr6_62197601,6,62197601
chr6_62281811,6,62281811
chr6_63020939,6,63020939
chr6_63145528,6,63145528
chr6_65082399,6,65082399
chr6_65149347,6,65149347
chr6_65403943,6,65403943
chr6_65538168,6,65538168
chr6_66073433,6,66073433
chr6_66408475,6,66408475
chr6_66534214,6,66534214
chr6_66913681,6,66913681
chr6_67217053,6,67217053
chr6_67455466,6,67455466
chr6_67573539,6,67573539
chr6_68505832,6,68505832
chr6_68893545,6,68893545
chr6_70298145,6,70298145
chr6_70364881,6,70364881
chr6_70443883,6,70443883
chr6_70970115,6,70970115
chr6_71164013,6,71164013
chr6_71674547,6,71674547
chr6_72501165,6,72501165
chr6_72710793,6,72710793
chr6_73219047,6,73219047
chr6_73917645,6,73917645
chr6_74632297,6,74632297
chr6_74764272,6,74764272
chr6_74900425,6,74900425
chr6_75085873,6,75085873
chr6_75415209,6,75415209
chr6_75550236,6,75550236
chr6_76867534,6,76867534
chr6_76925132,6,76925132
chr6_77158764,6,77158764
chr6_77684060,6,77684060
chr6_78034526,6,78034526
chr6_78407597,6,78407597
chr6_79014592,6,79014592
chr6_79148644,6,79148644
chr6_80294218,6,80294218
chr6_80723229,6,80723229
chr6_81207262,6,81207262
chr6_81557836,6,81557836
chr6_82837711,6,82837711
chr6_83281761,6,83281761
chr6_83800898,6,83800898
chr6_85870792,6,85870792
chr6_86062148,6,86062148
chr6_86822565,6,86822565
chr6_88443876,6,88443876
chr6_89886923,6,89886923
chr6_90950736,6,90950736
chr6_93692672,6,93692672
chr6_95965656,6,95965656
chr6_96268009,6,96268009
chr6_96397261,6,96397261
chr6_96538609,6,96538609
chr6_97120356,6,97120356
chr6_97202102,6,97202102
chr6_97756290,6,97756290
chr6_98498892,6,98498892
chr6_100279683,6,100279683
chr6_103653760,6,103653760
chr6_104266857,6,104266857
chr6_105519194,6,105519194
chr6_105665214,6,105665214
chr6_106781896,6,106781896
chr6_106848210,6,106848210
chr6_107326433,6,107326433
chr6_108079834,6,108079834
chr6_108786063,6,108786063
chr6_109031563,6,109031563
chr6_110443385,6,110443385
chr6_112298599,6,112298599
chr6_112368578,6,112368578
chr6_113367106,6,113367106
chr6_114382016,6,114382016
chr6_115683039,6,115683039
chr6_115834247,6,115834247
chr6_118382684,6,118382684
chr6_118840039,6,118840039
chr6_119590609,6,119590609
chr6_120896898,6,120896898
chr6_120970888,6,120970888
chr6_121046310,6,121046310
chr6_121114267,6,121114267
chr6_121187812,6,121187812
chr6_121256344,6,121256344
chr6_122380054,6,122380054
chr6_123567474,6,123567474
chr6_124993647,6,124993647
chr6_125438073,6,125438073
chr6_127121564,6,127121564
chr6_129311737,6,129311737
chr6_130056073,6,130056073
chr6_130620680,6,130620680
chr6_131175997,6,131175997
chr6_133144449,6,133144449
chr6_133941472,6,133941472
chr6_134472610,6,134472610
chr6_135946439,6,135946439
chr6_136535057,6,136535057
chr6_137312547,6,137312547
chr6_137521374,6,137521374
chr6_137988709,6,137988709
chr6_138122262,6,138122262
chr6_139598319,6,139598319
chr6_139805792,6,139805792
chr6_139951585,6,139951585
chr6_141564290,6,141564290
chr6_143097355,6,143097355
chr6_144001128,6,144001128
chr6_146680760,6,146680760
chr6_149607060,6,149607060
chr6_150209196,6,150209196
chr6_150615876,6,150615876
chr6_151364875,6,151364875
chr6_151496364,6,151496364
chr6_151567175,6,151567175
chr6_152265659,6,152265659
chr6_152401938,6,152401938
chr6_153614932,6,153614932
chr6_153972582,6,153972582
chr6_156308324,6,156308324
chr6_157960256,6,157960256
chr6_158085284,6,158085284
chr6_160798048,6,160798048
chr6_161004491,6,161004491
chr6_161349884,6,161349884
chr6_162591311,6,162591311
chr6_162712953,6,162712953
chr6_162896475,6,162896475
chr6_163927784,6,163927784
chr6_164065102,6,164065102
chr6_165186796,6,165186796
chr6_165904813,6,165904813
chr6_167211801,6,167211801
chr6_167657394,6,167657394
chr6_167711094,6,167711094
chr6_168290384,6,168290384
chr6_168569580,6,168569580
chr6_168623545,6,168623545
chr6_168738746,6,168738746
chr6_169033040,6,169033040
chr6_169962700,6,169962700
chr6_170492285,6,170492285
chr6_170796900,6,170796900
chr7_1068691,7,1068691
chr7_1164368,7,1164368
chr7_1373797,7,1373797
chr7_1668813,7,1668813
chr7_2160336,7,2160336
chr7_2211937,7,2211937
chr7_2533602,7,2533602
chr7_4214505,7,4214505
chr7_4765018,7,4765018
chr7_5063090,7,5063090
chr7_5728537,7,5728537
chr7_5834474,7,5834474
chr7_6456669,7,6456669
chr7_6972543,7,6972543
chr7_7134459,7,7134459
chr7_7905413,7,7905413
chr7_10045019,7,10045019
chr7_11260916,7,11260916
chr7_11677840,7,11677840
chr7_12097457,7,12097457
chr7_12483077,7,12483077
chr7_12598409,7,12598409
chr7_13488095,7,13488095
chr7_13669204,7,13669204
chr7_15000873,7,15000873
chr7_15913289,7,15913289
chr7_16417094,7,16417094
chr7_16543230,7,16543230
chr7_17219748,7,17219748
chr7_19138505,7,19138505
chr7_19540101,7,19540101
chr7_19694632,7,19694632
chr7_19753782,7,19753782
chr7_20080429,7,20080429
chr7_20943412,7,20943412
chr7_21147437,7,21147437
chr7_21465133,7,21465133
chr7_22757089,7,22757089
chr7_22883835,7,22883835
chr7_22955068,7,22955068
chr7_23028305,7,23028305
chr7_25415714,7,25415714
chr7_25952710,7,25952710
chr7_28466783,7,28466783
chr7_30408353,7,30408353
chr7_31586769,7,31586769
chr7_32063381,7,32063381
chr7_32831887,7,32831887
chr7_33937625,7,33937625
chr7_34381854,7,34381854
chr7_35084302,7,35084302
chr7_36585410,7,36585410
chr7_37735900,7,37735900
chr7_37953096,7,37953096
chr7_38631857,7,38631857
chr7_40020209,7,40020209
chr7_40396366,7,40396366
chr7_41307633,7,41307633
chr7_42582010,7,42582010
chr7_45505152,7,45505152
chr7_46073299,7,46073299
chr7_46658925,7,46658925
chr7_49200835,7,49200835
chr7_51825899,7,51825899
chr7_51954569,7,51954569
chr7_52519258,7,52519258
chr7_52760671,7,52760671
chr7_52818090,7,52818090
chr7_53048550,7,53048550
chr7_53285473,7,53285473
chr7_54189522,7,54189522
chr7_54247350,7,54247350
chr7_54316866,7,54316866
chr7_57389233,7,57389233
chr7_57506751,7,57506751
chr7_58025169,7,58025169
chr7_61250260,7,61250260
chr7_62070460,7,62070460
chr7_62146819,7,62146819
chr7_62453778,7,62453778
chr7_63705941,7,63705941
chr7_63922735,7,63922735
chr7_64005228,7,64005228
chr7_64681703,7,64681703
chr7_64900721,7,64900721
chr7_66801576,7,66801576
chr7_67257969,7,67257969
chr7_68092019,7,68092019
chr7_68868011,7,68868011
chr7_70282219,7,70282219
chr7_70931358,7,70931358
chr7_71061750,7,71061750
chr7_71392484,7,71392484
chr7_71519406,7,71519406
chr7_72306384,7,72306384
chr7_73644787,7,73644787
chr7_74455474,7,74455474
chr7_75606109,7,75606109
chr7_75668329,7,75668329
chr7_75806299,7,75806299
chr7_77128216,7,77128216
chr7_79234796,7,79234796
chr7_80101213,7,80101213
chr7_80652302,7,80652302
chr7_80715165,7,80715165
chr7_81104394,7,81104394
chr7_81566761,7,81566761
chr7_81783979,7,81783979
chr7_82003787,7,82003787
chr7_82283309,7,82283309
chr7_82424231,7,82424231
chr7_83226950,7,83226950
chr7_85007066,7,85007066
chr7_85916943,7,85916943
chr7_86351217,7,86351217
chr7_86966042,7,86966042
chr7_87124959,7,87124959
chr7_88652809,7,88652809
chr7_88794466,7,88794466
chr7_89644425,7,89644425
chr7_92692241,7,92692241
chr7_93026328,7,93026328
chr7_93510131,7,93510131
chr7_94931271,7,94931271
chr7_97155016,7,97155016
chr7_97299464,7,97299464
chr7_97634963,7,97634963
chr7_98321862,7,98321862
chr7_100744777,7,100744777
chr7_101132338,7,101132338
chr7_101983421,7,101983421
chr7_102959379,7,102959379
chr7_103037411,7,103037411
chr7_103315179,7,103315179
chr7_103436154,7,103436154
chr7_104097663,7,104097663
chr7_104159525,7,104159525
chr7_104223762,7,104223762
chr7_104731338,7,104731338
chr7_105818520,7,105818520
chr7_106086584,7,106086584
chr7_107098877,7,107098877
chr7_108922378,7,108922378
chr7_109279744,7,109279744
chr7_110686211,7,110686211
chr7_113826438,7,113826438
chr7_113986556,7,113986556
chr7_114911939,7,114911939
chr7_115218271,7,115218271
chr7_115519796,7,115519796
chr7_115593960,7,115593960
chr7_117558892,7,117558892
chr7_118859659,7,118859659
chr7_120129659,7,120129659
chr7_122448393,7,122448393
chr7_122678150,7,122678150
chr7_123971053,7,123971053
chr7_124398196,7,124398196
chr7_127651281,7,127651281
chr7_128892536,7,128892536
chr7_133832017,7,133832017
chr7_135678299,7,135678299
chr7_135808060,7,135808060
chr7_137041777,7,137041777
chr7_138549075,7,138549075
chr7_139646514,7,139646514
chr7_140151648,7,140151648
chr7_143020780,7,143020780
chr7_144767687,7,144767687
chr7_144964831,7,144964831
chr7_145164804,7,145164804
chr7_145503262,7,145503262
chr7_146626250,7,146626250
chr7_147016786,7,147016786
chr7_147562715,7,147562715
chr7_147683635,7,147683635
chr7_149620581,7,149620581
chr7_151373991,7,151373991
chr7_151955297,7,151955297
chr7_153063175,7,153063175
chr7_153524571,7,153524571
chr7_155608923,7,155608923
chr7_155927105,7,155927105
chr7_156109694,7,156109694
chr7_156434675,7,156434675
chr7_156648334,7,156648334
chr7_157671763,7,157671763
chr7_158075769,7,158075769
chr8_188131,8,188131
chr8_273258,8,273258
chr8_786916,8,786916
chr8_923513,8,923513
chr8_1273426,8,1273426
chr8_1821774,8,1821774
chr8_1911063,8,1911063
chr8_2411645,8,2411645
chr8_3172253,8,3172253
chr8_3322499,8,3322499
chr8_3657115,8,3657115
chr8_3738568,8,3738568
chr8_3842721,8,3842721
chr8_3961693,8,3961693
chr8_4103130,8,4103130
chr8_5020466,8,5020466
chr8_5461562,8,5461562
chr8_5497151,8,5497151
chr8_5777673,8,5777673
chr8_5920189,8,5920189
chr8_6378210,8,6378210
chr8_6421277,8,6421277
chr8_6897885,8,6897885
chr8_8596181,8,8596181
chr8_9165380,8,9165380
chr8_9916930,8,9916930
chr8_10322948,8,10322948
chr8_10445051,8,10445051
chr8_11347107,8,11347107
chr8_12181570,8,12181570
chr8_12516200,8,12516200
chr8_13312482,8,13312482
chr8_14225968,8,14225968
chr8_15243699,8,15243699
chr8_16084696,8,16084696
chr8_16136686,8,16136686
chr8_16723340,8,16723340
chr8_16921890,8,16921890
chr8_17098564,8,17098564
chr8_17206588,8,17206588
chr8_17393284,8,17393284
chr8_18535389,8,18535389
chr8_19207176,8,19207176
chr8_20051578,8,20051578
chr8_20682145,8,20682145
chr8_20796299,8,20796299
chr8_22439956,8,22439956
chr8_22803672,8,22803672
chr8_23219718,8,23219718
chr8_23942510,8,23942510
chr8_24907236,8,24907236
chr8_26355747,8,26355747
chr8_26620521,8,26620521
chr8_28033402,8,28033402
chr8_28167580,8,28167580
chr8_28996321,8,28996321
chr8_29452409,8,29452409
chr8_32454104,8,32454104
chr8_33938229,8,33938229
chr8_34418614,8,34418614
chr8_35409145,8,35409145
chr8_39243380,8,39243380
chr8_39333498,8,39333498
chr8_39776922,8,39776922
chr8_39841583,8,39841583
chr8_41620112,8,41620112
chr8_42060293,8,42060293
chr8_42282598,8,42282598
chr8_42354257,8,42354257
chr8_43251461,8,43251461
chr8_47396013,8,47396013
chr8_47437354,8,47437354
chr8_49074626,8,49074626
chr8_49277870,8,49277870
chr8_50059587,8,50059587
chr8_50118608,8,50118608
chr8_50625293,8,50625293
chr8_51453374,8,51453374
chr8_52071210,8,52071210
chr8_54338463,8,54338463
chr8_55832755,8,55832755
chr8_56171131,8,56171131
chr8_57438048,8,57438048
chr8_57775276,8,57775276
chr8_58926966,8,58926966
chr8_59284854,8,59284854
chr8_59429512,8,59429512
chr8_60224397,8,60224397
chr8_61412097,8,61412097
chr8_62845516,8,62845516
chr8_63659367,8,63659367
chr8_64579745,8,64579745
chr8_68913035,8,68913035
chr8_68983584,8,68983584
chr8_69422936,8,69422936
chr8_70752861,8,70752861
chr8_70955207,8,70955207
chr8_71106304,8,71106304
chr8_72642493,8,72642493
chr8_72843805,8,72843805
chr8_73055180,8,73055180
chr8_75215430,8,75215430
chr8_75288794,8,75288794
chr8_77259902,8,77259902
chr8_77695388,8,77695388
chr8_78124967,8,78124967
chr8_78464809,8,78464809
chr8_78526277,8,78526277
chr8_78664579,8,78664579
chr8_78735355,8,78735355
chr8_78951749,8,78951749
chr8_79252302,8,79252302
chr8_80184838,8,80184838
chr8_80261062,8,80261062
chr8_80796134,8,80796134
chr8_82663947,8,82663947
chr8_83421588,8,83421588
chr8_83981980,8,83981980
chr8_84378403,8,84378403
chr8_84570314,8,84570314
chr8_86352758,8,86352758
chr8_87212302,8,87212302
chr8_87348720,8,87348720
chr8_87856462,8,87856462
chr8_88412755,8,88412755
chr8_88815135,8,88815135
chr8_90235911,8,90235911
chr8_91014154,8,91014154
chr8_91171735,8,91171735
chr8_91685814,8,91685814
chr8_92659644,8,92659644
chr8_92808851,8,92808851
chr8_94166637,8,94166637
chr8_95011614,8,95011614
chr8_95621028,8,95621028
chr8_95692011,8,95692011
chr8_96502418,8,96502418
chr8_96717974,8,96717974
chr8_96791051,8,96791051
chr8_97016109,8,97016109
chr8_99075587,8,99075587
chr8_100686031,8,100686031
chr8_101638424,8,101638424
chr8_101840244,8,101840244
chr8_102121365,8,102121365
chr8_102677805,8,102677805
chr8_102745351,8,102745351
chr8_103191667,8,103191667
chr8_104588494,8,104588494
chr8_105468379,8,105468379
chr8_106049672,8,106049672
chr8_106269243,8,106269243
chr8_106720501,8,106720501
chr8_108698283,8,108698283
chr8_109141570,8,109141570
chr8_112704562,8,112704562
chr8_113221430,8,113221430
chr8_113368547,8,113368547
chr8_114547329,8,114547329
chr8_114831373,8,114831373
chr8_115483210,8,115483210
chr8_115721881,8,115721881
chr8_116076926,8,116076926
chr8_116537058,8,116537058
chr8_118922507,8,118922507
chr8_119072448,8,119072448
chr8_122516931,8,122516931
chr8_122664506,8,122664506
chr8_122879061,8,122879061
chr8_125288681,8,125288681
chr8_125367500,8,125367500
chr8_125576082,8,125576082
chr8_126547207,8,126547207
chr8_126960819,8,126960819
chr8_127546182,8,127546182
chr8_127829177,8,127829177
chr8_129071537,8,129071537
chr8_129448014,8,129448014
chr8_131584754,8,131584754
chr8_131780406,8,131780406
chr8_132715046,8,132715046
chr8_133883102,8,133883102
chr8_135391211,8,135391211
chr8_136098668,8,136098668
chr8_136757758,8,136757758
chr8_137002061,8,137002061
chr8_138545911,8,138545911
chr8_139077124,8,139077124
chr8_139140876,8,139140876
chr8_140505919,8,140505919
chr8_140728816,8,140728816
chr8_142144899,8,142144899
chr8_143858846,8,143858846
chr8_143913948,8,143913948
chr8_145881333,8,145881333
chr8_146141474,8,146141474
chr9_442272,9,442272
chr9_633350,9,633350
chr9_1338853,9,1338853
chr9_2536319,9,2536319
chr9_4211977,9,4211977
chr9_4672712,9,4672712
chr9_4777725,9,4777725
chr9_7208342,9,7208342
chr9_9290343,9,9290343
chr9_10081387,9,10081387
chr9_10130199,9,10130199
chr9_10182184,9,10182184
chr9_11857774,9,11857774
chr9_12110786,9,12110786
chr9_12372197,9,12372197
chr9_12666562,9,12666562
chr9_13725313,9,13725313
chr9_14025101,9,14025101
chr9_14151853,9,14151853
chr9_14798967,9,14798967
chr9_16299039,9,16299039
chr9_16955672,9,16955672
chr9_17746365,9,17746365
chr9_18641557,9,18641557
chr9_19477780,9,19477780
chr9_20382226,9,20382226
chr9_21844643,9,21844643
chr9_22833369,9,22833369
chr9_25142709,9,25142709
chr9_26411670,9,26411670
chr9_26648358,9,26648358
chr9_27103307,9,27103307
chr9_27844665,9,27844665
chr9_27969578,9,27969578
chr9_28214686,9,28214686
chr9_28792620,9,28792620
chr9_28860018,9,28860018
chr9_28922356,9,28922356
chr9_29515267,9,29515267
chr9_29776513,9,29776513
chr9_29977862,9,29977862
chr9_30308011,9,30308011
chr9_31086948,9,31086948
chr9_31262324,9,31262324
chr9_31888418,9,31888418
chr9_37001471,9,37001471
chr9_38380103,9,38380103
chr9_38648775,9,38648775
chr9_44124671,9,44124671
chr9_65632583,9,65632583
chr9_68187358,9,68187358
chr9_68478408,9,68478408
chr9_71116955,9,71116955
chr9_71732036,9,71732036
chr9_73088028,9,73088028
chr9_73830386,9,73830386
chr9_76172980,9,76172980
chr9_76392885,9,76392885
chr9_77901998,9,77901998
chr9_78371589,9,78371589
chr9_78942572,9,78942572
chr9_79444740,9,79444740
chr9_79701771,9,79701771
chr9_81491999,9,81491999
chr9_82457350,9,82457350
chr9_83644264,9,83644264
chr9_83786452,9,83786452
chr9_83860713,9,83860713
chr9_83929252,9,83929252
chr9_84497199,9,84497199
chr9_85095497,9,85095497
chr9_85330183,9,85330183
chr9_85477109,9,85477109
chr9_87024447,9,87024447
chr9_87514761,9,87514761
chr9_88154941,9,88154941
chr9_90150275,9,90150275
chr9_91132865,9,91132865
chr9_91590422,9,91590422
chr9_92742249,9,92742249
chr9_92949934,9,92949934
chr9_93359724,9,93359724
chr9_93432785,9,93432785
chr9_93554540,9,93554540
chr9_94121330,9,94121330
chr9_94343642,9,94343642
chr9_94489212,9,94489212
chr9_95041636,9,95041636
chr9_96133719,9,96133719
chr9_96701663,9,96701663
chr9_100153559,9,100153559
chr9_100233523,9,100233523
chr9_102992687,9,102992687
chr9_103948758,9,103948758
chr9_104382455,9,104382455
chr9_104597048,9,104597048
chr9_104791433,9,104791433
chr9_105096394,9,105096394
chr9_105858437,9,105858437
chr9_107814518,9,107814518
chr9_108016065,9,108016065
chr9_108515500,9,108515500
chr9_108714151,9,108714151
chr9_109715273,9,109715273
chr9_109862714,9,109862714
chr9_110270115,9,110270115
chr9_111953707,9,111953707
chr9_112297928,9,112297928
chr9_113459655,9,113459655
chr9_113612783,9,113612783
chr9_113966610,9,113966610
chr9_114335218,9,114335218
chr9_114410702,9,114410702
chr9_115446130,9,115446130
chr9_116438348,9,116438348
chr9_116923991,9,116923991
chr9_119213715,9,119213715
chr9_119282870,9,119282870
chr9_119775606,9,119775606
chr9_120249360,9,120249360
chr9_120470372,9,120470372
chr9_121115184,9,121115184
chr9_122455240,9,122455240
chr9_124191252,9,124191252
chr9_124750976,9,124750976
chr9_126620972,9,126620972
chr9_126840565,9,126840565
chr9_128910776,9,128910776
chr9_130183790,9,130183790
chr9_130755320,9,130755320
chr9_132074598,9,132074598
chr9_132137256,9,132137256
chr9_132199199,9,132199199
chr9_132524959,9,132524959
chr9_134407305,9,134407305
chr9_134818418,9,134818418
chr9_135688538,9,135688538
chr9_136009191,9,136009191
chr9_137434547,9,137434547
chr9_138121346,9,138121346
chr9_138440045,9,138440045
chr9_138824310,9,138824310
chr9_140690034,9,140690034
chr9_140805683,9,140805683
